"日期","收盘","开盘","高","低","交易量","涨跌幅"
"2025年12月30日","6,896.24","6,900.44","6,913.25","6,893.47","-","-0.14%"
"2025年12月29日","6,905.74","6,903.60","6,920.21","6,888.76","-","-0.35%"
"2025年12月26日","6,929.94","6,936.02","6,945.77","6,921.60","-","-0.03%"
"2025年12月24日","6,932.05","6,904.91","6,937.32","6,904.91","-","0.32%"
"2025年12月23日","6,909.79","6,872.41","6,910.88","6,868.81","-","0.46%"
"2025年12月22日","6,878.49","6,865.21","6,882.03","6,855.74","-","0.64%"
"2025年12月19日","6,834.50","6,792.62","6,840.02","6,792.62","-","0.88%"
"2025年12月18日","6,774.76","6,778.06","6,816.13","6,758.50","-","0.79%"
"2025年12月17日","6,721.43","6,802.88","6,812.26","6,720.43","-","-1.16%"
"2025年12月16日","6,800.26","6,800.12","6,819.27","6,759.74","-","-0.24%"
"2025年12月15日","6,816.51","6,860.19","6,861.59","6,801.49","-","-0.16%"
"2025年12月12日","6,827.41","6,886.85","6,899.85","6,801.79","-","-1.07%"
"2025年12月11日","6,901.00","6,861.30","6,903.46","6,833.45","-","0.21%"
"2025年12月10日","6,886.68","6,833.49","6,900.67","6,824.69","-","0.67%"
"2025年12月9日","6,840.51","6,840.61","6,864.92","6,837.43","-","-0.09%"
"2025年12月8日","6,846.51","6,875.20","6,878.27","6,827.19","-","-0.35%"
"2025年12月5日","6,870.40","6,866.32","6,895.78","6,858.29","-","0.19%"
"2025年12月4日","6,857.12","6,866.47","6,866.47","6,827.12","-","0.11%"
"2025年12月3日","6,849.72","6,815.29","6,862.42","6,810.43","-","0.30%"
"2025年12月2日","6,829.37","6,830.96","6,851.55","6,806.71","-","0.25%"
"2025年12月1日","6,812.63","6,812.30","6,843.65","6,799.94","-","-0.53%"
"2025年11月28日","6,849.09","6,822.52","6,850.86","6,819.75","-","0.54%"
"2025年11月26日","6,812.61","6,793.55","6,831.44","6,783.87","-","0.69%"
"2025年11月25日","6,765.88","6,697.03","6,776.40","6,659.98","-","0.91%"
"2025年11月24日","6,705.12","6,636.54","6,715.75","6,630.70","-","1.55%"
"2025年11月21日","6,602.99","6,555.77","6,660.05","6,521.92","-","0.98%"
"2025年11月20日","6,538.76","6,737.93","6,770.35","6,534.05","-","-1.56%"
"2025年11月19日","6,642.16","6,625.84","6,689.75","6,603.50","-","0.38%"
"2025年11月18日","6,617.32","6,641.19","6,666.63","6,574.32","-","-0.83%"
"2025年11月17日","6,672.41","6,713.61","6,754.50","6,638.90","-","-0.92%"
"2025年11月14日","6,734.11","6,672.14","6,774.31","6,646.87","-","-0.05%"
"2025年11月13日","6,737.49","6,826.47","6,828.05","6,724.72","-","-1.66%"
"2025年11月12日","6,850.92","6,867.77","6,869.91","6,829.62","-","0.06%"
"2025年11月11日","6,846.61","6,815.64","6,855.13","6,806.87","-","0.21%"
"2025年11月10日","6,832.43","6,785.36","6,841.32","6,770.56","-","1.54%"
"2025年11月7日","6,728.80","6,696.18","6,730.11","6,631.44","-","0.13%"
"2025年11月6日","6,720.32","6,787.59","6,796.68","6,707.51","-","-1.12%"
"2025年11月5日","6,796.29","6,769.77","6,829.78","6,763.11","-","0.37%"
"2025年11月4日","6,771.55","6,788.52","6,820.21","6,766.71","-","-1.17%"
"2025年11月3日","6,851.97","6,882.32","6,882.32","6,820.62","-","0.17%"
"2025年10月31日","6,840.20","6,879.17","6,879.17","6,814.26","-","0.26%"
"2025年10月30日","6,822.34","6,860.50","6,880.75","6,820.69","-","-0.99%"
"2025年10月29日","6,890.59","6,910.95","6,920.34","6,851.91","-","-0.00%"
"2025年10月28日","6,890.89","6,897.74","6,911.30","6,870.73","-","0.23%"
"2025年10月27日","6,875.16","6,845.46","6,877.28","6,843.94","-","1.23%"
"2025年10月24日","6,791.69","6,772.07","6,807.11","6,772.07","-","0.79%"
"2025年10月23日","6,738.44","6,703.65","6,749.53","6,700.14","-","0.58%"
"2025年10月22日","6,699.40","6,741.34","6,741.75","6,655.69","-","-0.53%"
"2025年10月21日","6,735.35","6,736.75","6,752.16","6,722.03","-","0.00%"
"2025年10月20日","6,735.13","6,690.05","6,744.35","6,690.05","-","1.07%"
"2025年10月17日","6,664.01","6,613.27","6,678.88","6,603.76","-","0.53%"
"2025年10月16日","6,629.07","6,689.02","6,709.34","6,593.99","-","-0.63%"
"2025年10月15日","6,671.06","6,688.27","6,724.12","6,612.11","-","0.40%"
"2025年10月14日","6,644.31","6,602.49","6,680.70","6,555.07","-","-0.16%"
"2025年10月13日","6,654.72","6,622.53","6,668.68","6,620.71","-","1.56%"
"2025年10月10日","6,552.51","6,740.49","6,762.40","6,550.78","-","-2.71%"
"2025年10月9日","6,735.11","6,760.50","6,764.58","6,716.17","-","-0.28%"
"2025年10月8日","6,753.72","6,723.87","6,755.64","6,718.09","-","0.58%"
"2025年10月7日","6,714.59","6,746.14","6,754.49","6,699.96","-","-0.38%"
"2025年10月6日","6,740.28","6,733.86","6,749.52","6,717.78","-","0.36%"
"2025年10月3日","6,715.79","6,722.14","6,750.87","6,705.67","-","0.01%"
"2025年10月2日","6,715.35","6,731.31","6,731.94","6,693.23","-","0.06%"
"2025年10月1日","6,711.20","6,664.92","6,718.48","6,656.20","-","0.34%"
"2025年9月30日","6,688.46","6,656.19","6,691.25","6,641.00","-","0.41%"
"2025年9月29日","6,661.21","6,661.58","6,677.31","6,644.49","-","0.26%"
"2025年9月26日","6,643.70","6,615.38","6,648.97","6,604.43","-","0.59%"
"2025年9月25日","6,604.72","6,608.19","6,619.00","6,569.22","-","-0.50%"
"2025年9月24日","6,637.97","6,669.79","6,672.66","6,621.76","-","-0.28%"
"2025年9月23日","6,656.92","6,692.44","6,699.52","6,645.58","-","-0.55%"
"2025年9月22日","6,693.75","6,654.28","6,698.88","6,648.07","-","0.44%"
"2025年9月19日","6,664.36","6,647.11","6,671.82","6,630.31","-","0.49%"
"2025年9月18日","6,631.96","6,626.85","6,656.80","6,611.89","-","0.48%"
"2025年9月17日","6,600.35","6,604.87","6,624.39","6,551.15","-","-0.10%"
"2025年9月16日","6,606.76","6,624.13","6,626.99","6,600.11","-","-0.13%"
"2025年9月15日","6,615.28","6,603.49","6,619.62","6,602.07","-","0.47%"
"2025年9月12日","6,584.29","6,590.66","6,600.21","6,579.49","-","-0.05%"
"2025年9月11日","6,587.47","6,554.41","6,592.89","6,545.80","-","0.85%"
"2025年9月10日","6,532.04","6,550.29","6,555.97","6,516.34","-","0.30%"
"2025年9月9日","6,512.61","6,503.33","6,518.23","6,483.08","-","0.27%"
"2025年9月8日","6,495.15","6,498.09","6,508.67","6,483.29","-","0.21%"
"2025年9月5日","6,481.50","6,529.08","6,532.65","6,443.98","-","-0.32%"
"2025年9月4日","6,502.08","6,456.60","6,502.54","6,445.98","-","0.83%"
"2025年9月3日","6,448.26","6,445.82","6,453.67","6,416.17","-","0.51%"
"2025年9月2日","6,415.54","6,401.51","6,416.54","6,360.58","-","-0.69%"
"2025年8月29日","6,460.26","6,489.28","6,491.76","6,444.57","-","-0.64%"
"2025年8月28日","6,501.86","6,483.84","6,508.23","6,466.96","-","0.32%"
"2025年8月27日","6,481.40","6,462.26","6,487.06","6,457.84","-","0.24%"
"2025年8月26日","6,465.94","6,435.49","6,468.37","6,429.21","-","0.41%"
"2025年8月25日","6,439.32","6,457.67","6,466.89","6,438.06","-","-0.43%"
"2025年8月22日","6,466.91","6,384.59","6,478.89","6,384.59","-","1.52%"
"2025年8月21日","6,370.17","6,380.83","6,393.65","6,352.71","-","-0.40%"
"2025年8月20日","6,395.78","6,406.62","6,408.40","6,343.86","-","-0.24%"
"2025年8月19日","6,411.37","6,446.24","6,456.48","6,400.22","-","-0.59%"
"2025年8月18日","6,449.15","6,445.02","6,455.35","6,437.70","-","-0.01%"
"2025年8月15日","6,449.80","6,477.38","6,481.34","6,441.85","-","-0.29%"
"2025年8月14日","6,468.54","6,453.46","6,473.92","6,441.07","-","0.03%"
"2025年8月13日","6,466.58","6,462.67","6,480.28","6,445.02","-","0.32%"
"2025年8月12日","6,445.76","6,395.17","6,446.55","6,385.76","-","1.13%"
"2025年8月11日","6,373.45","6,389.67","6,407.25","6,364.06","-","-0.25%"
"2025年8月8日","6,389.45","6,355.22","6,395.16","6,355.22","-","0.78%"
"2025年8月7日","6,340.00","6,374.32","6,389.71","6,310.32","-","-0.08%"
"2025年8月6日","6,345.06","6,309.30","6,352.83","6,301.11","-","0.73%"
"2025年8月5日","6,299.19","6,336.63","6,346.00","6,289.37","-","-0.49%"
"2025年8月4日","6,329.94","6,271.71","6,330.69","6,271.71","-","1.47%"
"2025年8月1日","6,238.01","6,287.28","6,287.28","6,212.69","-","-1.60%"
"2025年7月31日","6,339.39","6,427.02","6,427.02","6,327.64","-","-0.37%"
"2025年7月30日","6,362.90","6,381.23","6,396.54","6,336.38","-","-0.12%"
"2025年7月29日","6,370.86","6,405.62","6,409.26","6,363.92","-","-0.30%"
"2025年7月28日","6,389.77","6,397.69","6,401.07","6,375.79","-","0.02%"
"2025年7月25日","6,388.64","6,370.01","6,395.82","6,368.53","-","0.40%"
"2025年7月24日","6,363.35","6,368.60","6,381.31","6,360.57","-","0.07%"
"2025年7月23日","6,358.91","6,326.90","6,360.64","6,317.49","-","0.78%"
"2025年7月22日","6,309.62","6,306.60","6,316.12","6,281.71","-","0.06%"
"2025年7月21日","6,305.60","6,304.74","6,336.08","6,303.79","-","0.14%"
"2025年7月18日","6,296.79","6,312.95","6,315.61","6,285.27","-","-0.01%"
"2025年7月17日","6,297.36","6,263.40","6,304.69","6,262.27","-","0.54%"
"2025年7月16日","6,263.70","6,254.50","6,268.12","6,201.59","-","0.32%"
"2025年7月15日","6,243.76","6,295.29","6,302.04","6,241.68","-","-0.40%"
"2025年7月14日","6,268.56","6,255.15","6,273.31","6,239.22","-","0.14%"
"2025年7月11日","6,259.75","6,255.68","6,269.44","6,237.60","-","-0.33%"
"2025年7月10日","6,280.46","6,266.80","6,290.22","6,251.44","-","0.27%"
"2025年7月9日","6,263.26","6,243.33","6,269.16","6,231.43","-","0.61%"
"2025年7月8日","6,225.52","6,234.03","6,242.70","6,217.75","-","-0.07%"
"2025年7月7日","6,229.98","6,259.04","6,262.07","6,201.00","-","-0.79%"
"2025年7月3日","6,279.35","6,246.46","6,284.65","6,246.46","-","0.83%"
"2025年7月2日","6,227.42","6,193.88","6,227.60","6,188.29","-","0.47%"
"2025年7月1日","6,198.01","6,187.25","6,210.78","6,177.97","-","-0.11%"
"2025年6月30日","6,204.95","6,193.36","6,215.08","6,174.97","-","0.52%"
"2025年6月27日","6,173.07","6,150.70","6,187.68","6,132.35","-","0.52%"
"2025年6月26日","6,141.02","6,112.09","6,146.52","6,107.27","-","0.80%"
"2025年6月25日","6,092.16","6,104.23","6,108.51","6,080.09","-","-0.00%"
"2025年6月24日","6,092.18","6,061.21","6,101.76","6,059.25","-","1.11%"
"2025年6月23日","6,025.17","5,969.67","6,028.77","5,943.23","-","0.96%"
"2025年6月20日","5,967.84","5,999.67","6,018.20","5,952.56","-","-0.22%"
"2025年6月18日","5,980.87","5,987.93","6,018.25","5,971.89","-","-0.03%"
"2025年6月17日","5,982.72","6,012.15","6,023.25","5,974.80","-","-0.84%"
"2025年6月16日","6,033.11","6,004.00","6,050.83","6,004.00","-","0.94%"
"2025年6月13日","5,976.97","6,000.56","6,026.16","5,963.21","-","-1.13%"
"2025年6月12日","6,045.26","6,009.90","6,045.43","6,003.88","-","0.38%"
"2025年6月11日","6,022.24","6,049.38","6,059.40","6,002.32","-","-0.27%"
"2025年6月10日","6,038.81","6,009.91","6,043.01","6,000.28","-","0.55%"
"2025年6月9日","6,005.88","6,004.63","6,021.31","5,994.18","-","0.09%"
"2025年6月6日","6,000.36","5,987.06","6,016.87","5,978.63","-","1.03%"
"2025年6月5日","5,939.30","5,985.67","5,999.70","5,921.20","-","-0.53%"
"2025年6月4日","5,970.81","5,978.94","5,990.48","5,966.11","-","0.01%"
"2025年6月3日","5,970.37","5,938.56","5,981.35","5,929.00","-","0.58%"
"2025年6月2日","5,935.94","5,896.68","5,937.40","5,861.43","-","0.41%"
"2025年5月30日","5,911.69","5,903.67","5,922.14","5,843.66","-","-0.01%"
"2025年5月29日","5,912.17","5,939.96","5,943.13","5,873.80","-","0.40%"
"2025年5月28日","5,888.55","5,925.54","5,939.92","5,881.88","-","-0.56%"
"2025年5月27日","5,921.54","5,854.07","5,924.33","5,854.07","-","2.05%"
"2025年5月23日","5,802.82","5,781.89","5,829.51","5,767.41","-","-0.67%"
"2025年5月22日","5,842.01","5,841.26","5,878.08","5,825.82","-","-0.04%"
"2025年5月21日","5,844.61","5,910.18","5,938.37","5,830.91","-","-1.61%"
"2025年5月20日","5,940.46","5,944.66","5,953.06","5,909.26","-","-0.39%"
"2025年5月19日","5,963.60","5,902.88","5,968.61","5,895.69","-","0.09%"
"2025年5月16日","5,958.38","5,929.09","5,958.62","5,907.36","-","0.70%"
"2025年5月15日","5,916.93","5,869.82","5,924.21","5,865.16","-","0.41%"
"2025年5月14日","5,892.58","5,896.74","5,906.55","5,872.11","-","0.10%"
"2025年5月13日","5,886.55","5,854.15","5,906.64","5,845.02","-","0.72%"
"2025年5月12日","5,844.19","5,807.20","5,845.37","5,786.08","-","3.26%"
"2025年5月9日","5,659.91","5,679.65","5,691.69","5,644.15","-","-0.07%"
"2025年5月8日","5,663.94","5,663.60","5,720.10","5,635.38","-","0.58%"
"2025年5月7日","5,631.28","5,614.18","5,654.73","5,578.64","-","0.43%"
"2025年5月6日","5,606.91","5,605.87","5,649.58","5,586.04","-","-0.77%"
"2025年5月5日","5,650.38","5,655.32","5,683.38","5,634.48","-","-0.64%"
"2025年5月2日","5,686.67","5,645.88","5,700.70","5,642.28","-","1.47%"
"2025年5月1日","5,604.14","5,625.14","5,658.91","5,597.35","-","0.63%"
"2025年4月30日","5,569.06","5,499.44","5,581.84","5,433.24","-","0.15%"
"2025年4月29日","5,560.83","5,508.87","5,571.95","5,505.70","-","0.58%"
"2025年4月28日","5,528.75","5,529.22","5,553.66","5,468.64","-","0.06%"
"2025年4月25日","5,525.21","5,489.73","5,528.11","5,455.86","-","0.74%"
"2025年4月24日","5,484.77","5,381.38","5,489.40","5,371.96","-","2.03%"
"2025年4月23日","5,375.86","5,395.92","5,469.69","5,356.17","-","1.67%"
"2025年4月22日","5,287.76","5,207.67","5,309.61","5,207.67","-","2.51%"
"2025年4月21日","5,158.20","5,232.94","5,232.94","5,101.63","-","-2.36%"
"2025年4月17日","5,282.70","5,305.45","5,328.31","5,255.58","-","0.13%"
"2025年4月16日","5,275.70","5,335.75","5,367.24","5,220.79","-","-2.24%"
"2025年4月15日","5,396.63","5,411.99","5,450.41","5,386.44","-","-0.17%"
"2025年4月14日","5,405.97","5,441.96","5,459.46","5,358.02","-","0.79%"
"2025年4月11日","5,363.36","5,255.56","5,381.46","5,220.77","-","1.81%"
"2025年4月10日","5,268.05","5,353.15","5,353.15","5,115.27","-","-3.46%"
"2025年4月9日","5,456.90","4,965.28","5,481.34","4,948.43","-","9.52%"
"2025年4月8日","4,982.77","5,193.57","5,267.47","4,910.42","-","-1.57%"
"2025年4月7日","5,062.25","4,953.79","5,246.57","4,835.04","-","-0.23%"
"2025年4月4日","5,074.08","5,292.14","5,292.14","5,069.90","-","-5.97%"
"2025年4月3日","5,396.52","5,492.74","5,499.53","5,390.83","-","-4.84%"
"2025年4月2日","5,670.97","5,580.76","5,695.31","5,571.48","-","0.67%"
"2025年4月1日","5,633.07","5,597.53","5,650.57","5,558.52","-","0.38%"
"2025年3月31日","5,611.85","5,527.91","5,627.56","5,488.73","-","0.55%"
"2025年3月28日","5,580.94","5,679.20","5,685.89","5,572.42","-","-1.97%"
"2025年3月27日","5,693.31","5,695.64","5,732.28","5,670.94","-","-0.33%"
"2025年3月26日","5,712.20","5,771.66","5,783.62","5,694.41","-","-1.12%"
"2025年3月25日","5,776.65","5,775.96","5,786.95","5,760.42","-","0.16%"
"2025年3月24日","5,767.57","5,718.08","5,775.14","5,718.08","-","1.76%"
"2025年3月21日","5,667.56","5,630.73","5,670.84","5,603.10","-","0.08%"
"2025年3月20日","5,662.89","5,646.92","5,711.15","5,632.33","-","-0.22%"
"2025年3月19日","5,675.29","5,632.37","5,715.33","5,622.20","-","1.08%"
"2025年3月18日","5,614.66","5,654.53","5,654.53","5,597.76","-","-1.07%"
"2025年3月17日","5,675.12","5,635.60","5,703.52","5,631.12","-","0.64%"
"2025年3月14日","5,638.94","5,563.85","5,645.27","5,563.85","-","2.13%"
"2025年3月13日","5,521.52","5,594.45","5,597.78","5,504.65","-","-1.39%"
"2025年3月12日","5,599.30","5,624.84","5,642.19","5,546.09","-","0.49%"
"2025年3月11日","5,572.07","5,603.65","5,636.30","5,528.41","-","-0.76%"
"2025年3月10日","5,614.56","5,705.37","5,705.37","5,564.02","-","-2.70%"
"2025年3月7日","5,770.20","5,726.01","5,783.01","5,666.29","-","0.55%"
"2025年3月6日","5,738.52","5,785.87","5,812.08","5,711.64","-","-1.78%"
"2025年3月5日","5,842.63","5,781.36","5,860.59","5,742.35","-","1.12%"
"2025年3月4日","5,778.15","5,811.98","5,865.08","5,732.59","-","-1.22%"
"2025年3月3日","5,849.72","5,968.33","5,986.09","5,810.91","-","-1.76%"
"2025年2月28日","5,954.50","5,856.74","5,959.40","5,837.66","-","1.59%"
"2025年2月27日","5,861.57","5,981.88","5,993.69","5,858.78","-","-1.59%"
"2025年2月26日","5,956.06","5,970.87","6,009.82","5,932.69","-","0.01%"
"2025年2月25日","5,955.25","5,982.73","5,992.65","5,908.49","-","-0.47%"
"2025年2月24日","5,983.25","6,026.69","6,043.65","5,977.83","-","-0.50%"
"2025年2月21日","6,013.13","6,114.10","6,114.82","6,008.56","-","-1.71%"
"2025年2月20日","6,117.52","6,134.50","6,134.50","6,084.59","-","-0.43%"
"2025年2月19日","6,144.15","6,117.76","6,147.43","6,111.15","-","0.24%"
"2025年2月18日","6,129.58","6,121.60","6,129.63","6,099.51","-","0.24%"
"2025年2月14日","6,114.63","6,115.52","6,127.47","6,107.62","-","-0.01%"
"2025年2月13日","6,115.07","6,060.59","6,116.91","6,050.95","-","1.04%"
"2025年2月12日","6,051.97","6,025.08","6,063.00","6,003.00","-","-0.27%"
"2025年2月11日","6,068.50","6,049.32","6,076.28","6,042.34","-","0.03%"
"2025年2月10日","6,066.44","6,046.40","6,073.38","6,044.84","-","0.67%"
"2025年2月7日","6,025.99","6,083.13","6,101.28","6,019.96","-","-0.95%"
"2025年2月6日","6,083.57","6,072.22","6,084.03","6,046.83","-","0.36%"
"2025年2月5日","6,061.48","6,020.45","6,062.86","6,007.06","-","0.39%"
"2025年2月4日","6,037.88","5,998.14","6,042.48","5,990.87","-","0.72%"
"2025年2月3日","5,994.57","5,969.65","6,022.13","5,923.93","-","-0.76%"
"2025年1月31日","6,040.53","6,096.79","6,120.91","6,030.93","-","-0.50%"
"2025年1月30日","6,071.17","6,050.75","6,086.64","6,027.46","-","0.53%"
"2025年1月29日","6,039.31","6,057.70","6,062.83","6,012.96","-","-0.47%"
"2025年1月28日","6,067.70","6,026.97","6,074.54","5,994.63","-","0.92%"
"2025年1月27日","6,012.28","5,969.04","6,017.17","5,962.92","-","-1.46%"
"2025年1月24日","6,101.24","6,121.43","6,128.18","6,088.74","-","-0.29%"
"2025年1月23日","6,118.71","6,076.32","6,118.73","6,074.67","-","0.53%"
"2025年1月22日","6,086.37","6,081.39","6,100.81","6,076.13","-","0.61%"
"2025年1月21日","6,049.24","6,014.12","6,051.51","6,006.88","-","0.88%"
"2025年1月17日","5,996.66","5,995.40","6,014.96","5,978.44","-","1.00%"
"2025年1月16日","5,937.34","5,963.61","5,964.69","5,930.72","-","-0.21%"
"2025年1月15日","5,949.91","5,905.21","5,960.61","5,905.21","-","1.83%"
"2025年1月14日","5,842.91","5,859.27","5,871.92","5,805.42","-","0.11%"
"2025年1月13日","5,836.22","5,782.02","5,838.61","5,773.31","-","0.16%"
"2025年1月10日","5,827.04","5,890.35","5,890.35","5,807.78","-","-1.54%"
"2025年1月8日","5,918.25","5,910.66","5,927.89","5,874.78","-","0.16%"
"2025年1月7日","5,909.03","5,993.26","6,000.68","5,890.68","-","-1.11%"
"2025年1月6日","5,975.38","5,982.81","6,021.04","5,960.01","-","0.55%"
"2025年1月3日","5,942.47","5,891.07","5,949.34","5,888.66","-","1.26%"
"2025年1月2日","5,868.55","5,903.26","5,935.09","5,829.53","-","-0.22%"
"2024年12月31日","5,881.63","5,919.74","5,929.74","5,868.86","-","-0.43%"
"2024年12月30日","5,906.94","5,920.67","5,940.79","5,869.16","-","-1.07%"
"2024年12月27日","5,970.84","6,006.17","6,006.17","5,932.95","-","-1.11%"
"2024年12月26日","6,037.59","6,024.97","6,049.75","6,007.37","-","-0.04%"
"2024年12月24日","6,040.04","5,984.63","6,040.10","5,981.44","-","1.10%"
"2024年12月23日","5,974.07","5,940.25","5,978.25","5,902.57","-","0.73%"
"2024年12月20日","5,930.85","5,842.00","5,982.06","5,832.30","-","1.09%"
"2024年12月19日","5,867.08","5,912.71","5,935.52","5,866.07","-","-0.09%"
"2024年12月18日","5,872.16","6,047.65","6,070.67","5,867.79","-","-2.95%"
"2024年12月17日","6,050.61","6,052.55","6,057.68","6,035.19","-","-0.39%"
"2024年12月16日","6,074.08","6,063.79","6,085.19","6,059.14","-","0.38%"
"2024年12月13日","6,051.09","6,068.17","6,078.58","6,035.77","-","-0.00%"
"2024年12月12日","6,051.25","6,074.29","6,079.68","6,051.25","-","-0.54%"
"2024年12月11日","6,084.19","6,060.15","6,092.59","6,060.15","-","0.82%"
"2024年12月10日","6,034.91","6,057.59","6,065.40","6,029.89","-","-0.30%"
"2024年12月9日","6,052.85","6,083.01","6,088.51","6,048.63","-","-0.61%"
"2024年12月6日","6,090.27","6,081.38","6,099.97","6,079.98","-","0.25%"
"2024年12月5日","6,075.11","6,089.03","6,094.55","6,072.90","-","-0.19%"
"2024年12月4日","6,086.49","6,069.39","6,089.84","6,061.06","-","0.61%"
"2024年12月3日","6,049.88","6,042.97","6,052.07","6,033.39","-","0.05%"
"2024年12月2日","6,047.15","6,040.11","6,053.58","6,035.33","-","0.24%"
"2024年11月29日","6,032.38","6,003.98","6,044.17","6,003.98","-","0.56%"
"2024年11月27日","5,998.74","6,014.11","6,020.16","5,984.87","-","-0.38%"
"2024年11月26日","6,021.63","6,000.03","6,025.42","5,992.27","-","0.57%"
"2024年11月25日","5,987.37","5,992.28","6,020.75","5,963.91","-","0.30%"
"2024年11月22日","5,969.34","5,944.36","5,972.90","5,944.36","-","0.35%"
"2024年11月21日","5,948.71","5,940.58","5,963.32","5,887.26","-","0.53%"
"2024年11月20日","5,917.11","5,914.34","5,920.67","5,860.56","-","0.00%"
"2024年11月19日","5,916.98","5,870.05","5,923.51","5,855.29","-","0.40%"
"2024年11月18日","5,893.62","5,874.17","5,908.12","5,865.95","-","0.39%"
"2024年11月15日","5,870.62","5,912.79","5,915.32","5,853.01","-","-1.32%"
"2024年11月14日","5,949.17","5,989.68","5,993.88","5,942.28","-","-0.60%"
"2024年11月13日","5,985.38","5,985.75","6,008.19","5,965.91","-","0.02%"
"2024年11月12日","5,983.99","6,003.60","6,009.92","5,960.08","-","-0.29%"
"2024年11月11日","6,001.35","6,008.86","6,017.31","5,986.69","-","0.10%"
"2024年11月8日","5,995.54","5,976.76","6,012.45","5,976.76","-","0.38%"
"2024年11月7日","5,973.10","5,947.21","5,983.84","5,947.21","-","0.74%"
"2024年11月6日","5,929.04","5,864.89","5,936.14","5,864.89","-","2.53%"
"2024年11月5日","5,782.76","5,722.43","5,783.44","5,722.10","-","1.23%"
"2024年11月4日","5,712.69","5,725.15","5,741.43","5,696.51","-","-0.28%"
"2024年11月1日","5,728.80","5,723.22","5,772.52","5,723.22","-","0.41%"
"2024年10月31日","5,705.45","5,775.34","5,775.34","5,702.86","-","-1.86%"
"2024年10月30日","5,813.67","5,832.65","5,850.94","5,811.28","-","-0.33%"
"2024年10月29日","5,832.92","5,819.68","5,847.19","5,802.17","-","0.16%"
"2024年10月28日","5,823.52","5,833.93","5,842.92","5,823.08","-","0.27%"
"2024年10月25日","5,808.12","5,826.75","5,862.82","5,799.98","-","-0.03%"
"2024年10月24日","5,809.86","5,817.80","5,817.80","5,784.92","-","0.21%"
"2024年10月23日","5,797.42","5,834.50","5,834.85","5,762.41","-","-0.92%"
"2024年10月22日","5,851.20","5,832.70","5,863.04","5,821.17","-","-0.05%"
"2024年10月21日","5,853.98","5,857.82","5,866.92","5,824.79","-","-0.18%"
"2024年10月18日","5,864.67","5,859.43","5,872.17","5,846.11","-","0.40%"
"2024年10月17日","5,841.47","5,875.62","5,878.46","5,840.25","-","-0.02%"
"2024年10月16日","5,842.47","5,816.58","5,846.52","5,808.34","-","0.47%"
"2024年10月15日","5,815.26","5,866.74","5,870.36","5,804.48","-","-0.76%"
"2024年10月14日","5,859.85","5,829.81","5,871.41","5,829.57","-","0.77%"
"2024年10月11日","5,815.03","5,775.09","5,822.13","5,775.09","-","0.61%"
"2024年10月10日","5,780.05","5,778.36","5,795.03","5,764.76","-","-0.21%"
"2024年10月9日","5,792.04","5,751.80","5,796.80","5,745.02","-","0.71%"
"2024年10月8日","5,751.13","5,719.14","5,757.60","5,714.56","-","0.97%"
"2024年10月7日","5,695.94","5,737.80","5,739.34","5,686.85","-","-0.96%"
"2024年10月4日","5,751.07","5,737.48","5,753.21","5,702.83","-","0.90%"
"2024年10月3日","5,699.94","5,698.19","5,718.78","5,677.37","-","-0.17%"
"2024年10月2日","5,709.54","5,698.14","5,719.63","5,674.00","-","0.01%"
"2024年10月1日","5,708.75","5,757.73","5,757.73","5,681.28","-","-0.93%"
"2024年9月30日","5,762.48","5,726.52","5,765.14","5,703.53","-","0.42%"
"2024年9月27日","5,738.17","5,755.36","5,763.78","5,727.34","-","-0.13%"
"2024年9月26日","5,745.37","5,762.22","5,767.37","5,721.01","-","0.40%"
"2024年9月25日","5,722.26","5,733.65","5,741.03","5,712.06","-","-0.19%"
"2024年9月24日","5,732.93","5,727.66","5,735.32","5,698.99","-","0.25%"
"2024年9月23日","5,718.57","5,711.90","5,725.36","5,704.22","-","0.28%"
"2024年9月20日","5,702.55","5,709.64","5,715.14","5,674.49","-","-0.19%"
"2024年9月19日","5,713.64","5,702.63","5,733.57","5,686.42","-","1.70%"
"2024年9月18日","5,618.26","5,641.68","5,689.75","5,615.08","-","-0.29%"
"2024年9月17日","5,634.58","5,655.51","5,670.81","5,614.05","-","0.03%"
"2024年9月16日","5,633.09","5,615.21","5,636.05","5,604.53","-","0.13%"
"2024年9月13日","5,626.02","5,603.34","5,636.27","5,601.65","-","0.54%"
"2024年9月12日","5,595.76","5,557.48","5,600.71","5,535.50","-","0.75%"
"2024年9月11日","5,554.13","5,496.42","5,560.41","5,406.96","-","1.07%"
"2024年9月10日","5,495.52","5,490.51","5,497.91","5,441.72","-","0.45%"
"2024年9月9日","5,471.05","5,442.07","5,484.20","5,434.49","-","1.16%"
"2024年9月6日","5,408.42","5,507.33","5,522.47","5,402.62","-","-1.73%"
"2024年9月5日","5,503.41","5,520.08","5,546.30","5,480.54","-","-0.30%"
"2024年9月4日","5,520.07","5,506.68","5,552.99","5,503.66","-","-0.16%"
"2024年9月3日","5,528.93","5,623.89","5,623.89","5,504.33","-","-2.12%"
"2024年8月30日","5,648.40","5,612.74","5,651.37","5,581.79","-","1.01%"
"2024年8月29日","5,591.96","5,607.30","5,646.95","5,583.71","-","-0.00%"
"2024年8月28日","5,592.18","5,624.51","5,627.03","5,560.95","-","-0.60%"
"2024年8月27日","5,625.80","5,602.89","5,631.18","5,593.48","-","0.16%"
"2024年8月26日","5,616.84","5,639.66","5,651.62","5,602.34","-","-0.32%"
"2024年8月23日","5,634.61","5,602.49","5,641.82","5,585.16","-","1.15%"
"2024年8月22日","5,570.64","5,637.77","5,643.22","5,560.95","-","-0.89%"
"2024年8月21日","5,620.85","5,603.09","5,632.68","5,591.57","-","0.42%"
"2024年8月20日","5,597.12","5,602.88","5,620.51","5,585.50","-","-0.20%"
"2024年8月19日","5,608.25","5,557.23","5,608.30","5,550.74","-","0.97%"
"2024年8月16日","5,554.25","5,530.50","5,561.98","5,525.17","-","0.20%"
"2024年8月15日","5,543.22","5,501.13","5,546.23","5,501.13","-","1.61%"
"2024年8月14日","5,455.21","5,442.36","5,463.22","5,415.91","-","0.38%"
"2024年8月13日","5,434.43","5,376.98","5,436.50","5,376.98","-","1.68%"
"2024年8月12日","5,344.39","5,351.88","5,371.20","5,324.37","-","0.00%"
"2024年8月9日","5,344.16","5,314.66","5,358.67","5,300.84","-","0.47%"
"2024年8月8日","5,319.31","5,252.57","5,328.03","5,233.85","-","2.30%"
"2024年8月7日","5,199.50","5,293.13","5,330.64","5,195.54","-","-0.77%"
"2024年8月6日","5,240.03","5,206.42","5,312.34","5,193.56","-","1.04%"
"2024年8月5日","5,186.33","5,151.14","5,250.89","5,119.26","-","-3.00%"
"2024年8月2日","5,346.56","5,376.63","5,383.89","5,302.03","-","-1.84%"
"2024年8月1日","5,446.68","5,537.84","5,566.16","5,410.42","-","-1.37%"
"2024年7月31日","5,522.30","5,505.59","5,551.51","5,493.75","-","1.58%"
"2024年7月30日","5,436.44","5,478.73","5,489.46","5,401.70","-","-0.50%"
"2024年7月29日","5,463.54","5,476.55","5,487.74","5,444.44","-","0.08%"
"2024年7月26日","5,459.10","5,433.67","5,488.32","5,430.70","-","1.11%"
"2024年7月25日","5,399.22","5,428.70","5,491.59","5,390.95","-","-0.51%"
"2024年7月24日","5,427.13","5,505.84","5,508.04","5,419.98","-","-2.31%"
"2024年7月23日","5,555.74","5,565.30","5,585.34","5,550.90","-","-0.16%"
"2024年7月22日","5,564.41","5,544.54","5,570.36","5,529.04","-","1.08%"
"2024年7月19日","5,505.00","5,543.37","5,557.50","5,497.04","-","-0.71%"
"2024年7月18日","5,544.59","5,608.56","5,614.05","5,522.81","-","-0.78%"
"2024年7月17日","5,588.27","5,610.07","5,622.49","5,584.81","-","-1.39%"
"2024年7月16日","5,667.20","5,644.09","5,669.67","5,639.02","-","0.64%"
"2024年7月15日","5,631.22","5,638.16","5,666.94","5,614.75","-","0.28%"
"2024年7月12日","5,615.35","5,590.76","5,655.56","5,590.44","-","0.55%"
"2024年7月11日","5,584.54","5,635.21","5,642.45","5,576.53","-","-0.88%"
"2024年7月10日","5,633.91","5,591.26","5,635.39","5,586.44","-","1.02%"
"2024年7月9日","5,576.98","5,584.24","5,590.75","5,574.57","-","0.07%"
"2024年7月8日","5,572.85","5,572.75","5,583.11","5,562.51","-","0.10%"
"2024年7月5日","5,567.19","5,537.91","5,570.33","5,531.63","-","0.54%"
"2024年7月3日","5,537.02","5,507.44","5,539.27","5,507.42","-","0.51%"
"2024年7月2日","5,509.01","5,461.84","5,509.69","5,458.43","-","0.62%"
"2024年7月1日","5,475.09","5,471.08","5,479.55","5,446.53","-","0.27%"
"2024年6月28日","5,460.48","5,488.48","5,523.64","5,451.12","-","-0.41%"
"2024年6月27日","5,482.87","5,473.59","5,490.81","5,467.54","-","0.09%"
"2024年6月26日","5,477.90","5,460.71","5,483.14","5,451.87","-","0.16%"
"2024年6月25日","5,469.30","5,460.73","5,472.88","5,446.56","-","0.39%"
"2024年6月24日","5,447.87","5,459.58","5,490.66","5,447.59","-","-0.31%"
"2024年6月21日","5,464.62","5,466.77","5,478.31","5,452.03","-","-0.16%"
"2024年6月20日","5,473.17","5,499.99","5,505.53","5,455.56","-","-0.25%"
"2024年6月18日","5,487.03","5,476.15","5,490.38","5,471.32","-","0.25%"
"2024年6月17日","5,473.23","5,431.11","5,488.50","5,420.40","-","0.77%"
"2024年6月14日","5,431.60","5,424.08","5,432.39","5,403.75","-","-0.04%"
"2024年6月13日","5,433.74","5,441.93","5,441.93","5,402.51","-","0.23%"
"2024年6月12日","5,421.03","5,409.13","5,447.25","5,409.13","-","0.85%"
"2024年6月11日","5,375.32","5,353.00","5,375.95","5,327.25","-","0.27%"
"2024年6月10日","5,360.79","5,341.22","5,365.79","5,331.52","-","0.26%"
"2024年6月7日","5,346.99","5,343.81","5,375.08","5,331.33","-","-0.11%"
"2024年6月6日","5,352.96","5,357.80","5,362.35","5,335.36","-","-0.02%"
"2024年6月5日","5,354.03","5,314.48","5,354.16","5,297.64","-","1.18%"
"2024年6月4日","5,291.34","5,278.24","5,298.80","5,257.63","-","0.15%"
"2024年6月3日","5,283.40","5,297.15","5,302.11","5,234.32","-","0.11%"
"2024年5月31日","5,277.51","5,243.21","5,280.33","5,191.68","-","0.80%"
"2024年5月30日","5,235.48","5,259.77","5,260.21","5,222.10","-","-0.60%"
"2024年5月29日","5,266.95","5,278.73","5,282.27","5,262.70","-","-0.74%"
"2024年5月28日","5,306.04","5,315.91","5,315.91","5,280.89","-","0.02%"
"2024年5月24日","5,304.72","5,281.45","5,311.65","5,278.39","-","0.70%"
"2024年5月23日","5,267.84","5,340.26","5,341.88","5,256.93","-","-0.74%"
"2024年5月22日","5,307.01","5,319.28","5,323.18","5,286.01","-","-0.27%"
"2024年5月21日","5,321.41","5,298.69","5,324.32","5,297.87","-","0.25%"
"2024年5月20日","5,308.13","5,305.35","5,325.32","5,302.40","-","0.09%"
"2024年5月17日","5,303.27","5,303.10","5,305.45","5,283.59","-","0.12%"
"2024年5月16日","5,297.10","5,310.07","5,325.49","5,296.19","-","-0.21%"
"2024年5月15日","5,308.15","5,263.26","5,311.76","5,263.26","-","1.17%"
"2024年5月14日","5,246.68","5,221.10","5,250.37","5,217.98","-","0.48%"
"2024年5月13日","5,221.42","5,233.08","5,237.26","5,211.16","-","-0.02%"
"2024年5月10日","5,222.68","5,225.49","5,239.66","5,209.68","-","0.16%"
"2024年5月9日","5,214.08","5,189.03","5,215.30","5,180.41","-","0.51%"
"2024年5月8日","5,187.67","5,168.98","5,191.95","5,165.86","-","-0.00%"
"2024年5月7日","5,187.70","5,187.20","5,200.23","5,178.96","-","0.13%"
"2024年5月6日","5,180.74","5,142.42","5,181.00","5,142.42","-","1.03%"
"2024年5月3日","5,127.79","5,122.78","5,139.12","5,101.22","-","1.26%"
"2024年5月2日","5,064.20","5,049.32","5,073.21","5,011.05","-","0.91%"
"2024年5月1日","5,018.39","5,029.03","5,096.12","5,013.45","-","-0.34%"
"2024年4月30日","5,035.69","5,103.78","5,110.83","5,035.31","-","-1.57%"
"2024年4月29日","5,116.17","5,114.13","5,123.49","5,088.65","-","0.32%"
"2024年4月26日","5,099.96","5,084.65","5,114.62","5,073.14","-","1.02%"
"2024年4月25日","5,048.42","5,019.88","5,057.75","4,990.58","-","-0.46%"
"2024年4月24日","5,071.63","5,084.86","5,089.48","5,047.02","-","0.02%"
"2024年4月23日","5,070.55","5,028.85","5,076.12","5,027.96","-","1.20%"
"2024年4月22日","5,010.60","4,987.33","5,038.84","4,969.40","-","0.87%"
"2024年4月19日","4,967.23","5,005.44","5,019.02","4,953.56","-","-0.88%"
"2024年4月18日","5,011.12","5,031.52","5,056.66","5,001.89","-","-0.22%"
"2024年4月17日","5,022.21","5,068.97","5,077.96","5,007.25","-","-0.58%"
"2024年4月16日","5,051.41","5,064.59","5,079.84","5,039.83","-","-0.21%"
"2024年4月15日","5,061.82","5,149.67","5,168.43","5,052.47","-","-1.20%"
"2024年4月12日","5,123.41","5,171.51","5,175.03","5,107.94","-","-1.46%"
"2024年4月11日","5,199.06","5,172.95","5,211.78","5,138.77","-","0.74%"
"2024年4月10日","5,160.64","5,167.88","5,178.43","5,138.70","-","-0.95%"
"2024年4月9日","5,209.91","5,217.03","5,224.81","5,160.78","-","0.14%"
"2024年4月8日","5,202.39","5,211.37","5,219.57","5,197.35","-","-0.04%"
"2024年4月5日","5,204.34","5,158.95","5,222.18","5,157.21","-","1.11%"
"2024年4月4日","5,147.21","5,244.05","5,256.59","5,146.06","-","-1.23%"
"2024年4月3日","5,211.49","5,194.37","5,228.75","5,194.37","-","0.11%"
"2024年4月2日","5,205.81","5,204.29","5,208.34","5,184.05","-","-0.72%"
"2024年4月1日","5,243.77","5,257.97","5,263.95","5,229.20","-","-0.20%"
"2024年3月28日","5,254.35","5,248.03","5,264.85","5,245.82","-","0.11%"
"2024年3月27日","5,248.49","5,226.31","5,249.26","5,213.92","-","0.86%"
"2024年3月26日","5,203.58","5,228.85","5,235.16","5,203.42","-","-0.28%"
"2024年3月25日","5,218.19","5,219.52","5,229.09","5,216.09","-","-0.31%"
"2024年3月22日","5,234.18","5,242.48","5,246.09","5,229.87","-","-0.14%"
"2024年3月21日","5,241.53","5,253.43","5,261.10","5,240.66","-","0.32%"
"2024年3月20日","5,224.62","5,181.69","5,226.19","5,171.55","-","0.89%"
"2024年3月19日","5,178.51","5,139.09","5,180.31","5,131.59","-","0.56%"
"2024年3月18日","5,149.42","5,154.77","5,175.60","5,145.47","-","0.63%"
"2024年3月15日","5,117.09","5,123.31","5,136.86","5,104.35","-","-0.65%"
"2024年3月14日","5,150.48","5,175.14","5,176.85","5,123.30","-","-0.29%"
"2024年3月13日","5,165.31","5,173.49","5,179.14","5,151.88","-","-0.19%"
"2024年3月12日","5,175.27","5,134.30","5,179.87","5,114.48","-","1.12%"
"2024年3月11日","5,117.94","5,111.96","5,124.66","5,091.14","-","-0.11%"
"2024年3月8日","5,123.69","5,164.46","5,189.26","5,117.50","-","-0.65%"
"2024年3月7日","5,157.36","5,132.38","5,165.62","5,128.21","-","1.03%"
"2024年3月6日","5,104.76","5,108.03","5,127.97","5,092.22","-","0.51%"
"2024年3月5日","5,078.65","5,110.52","5,114.54","5,056.82","-","-1.02%"
"2024年3月4日","5,130.95","5,130.99","5,149.67","5,127.18","-","-0.12%"
"2024年3月1日","5,137.08","5,098.51","5,140.33","5,094.16","-","0.80%"
"2024年2月29日","5,096.27","5,085.36","5,104.99","5,061.89","-","0.52%"
"2024年2月28日","5,069.76","5,067.20","5,077.37","5,058.35","-","-0.17%"
"2024年2月27日","5,078.18","5,074.60","5,080.69","5,057.29","-","0.17%"
"2024年2月26日","5,069.53","5,093.00","5,097.66","5,068.91","-","-0.38%"
"2024年2月23日","5,088.80","5,100.92","5,111.06","5,081.46","-","0.03%"
"2024年2月22日","5,087.03","5,038.83","5,094.39","5,038.83","-","2.11%"
"2024年2月21日","4,981.80","4,963.03","4,983.21","4,946.00","-","0.13%"
"2024年2月20日","4,975.51","4,989.32","4,993.71","4,955.02","-","-0.60%"
"2024年2月16日","5,005.57","5,031.13","5,038.70","4,999.52","-","-0.48%"
"2024年2月15日","5,029.73","5,003.14","5,032.72","4,999.44","-","0.58%"
"2024年2月14日","5,000.62","4,976.44","5,002.52","4,956.45","-","0.96%"
"2024年2月13日","4,953.17","4,967.94","4,971.30","4,920.31","-","-1.37%"
"2024年2月12日","5,021.84","5,026.83","5,048.39","5,016.83","-","-0.09%"
"2024年2月9日","5,026.61","5,004.17","5,030.06","5,000.34","-","0.57%"
"2024年2月8日","4,997.91","4,995.16","5,000.40","4,987.09","-","0.06%"
"2024年2月7日","4,995.06","4,973.05","4,999.89","4,969.05","-","0.82%"
"2024年2月6日","4,954.23","4,950.16","4,957.77","4,934.88","-","0.23%"
"2024年2月5日","4,942.81","4,957.19","4,957.19","4,918.09","-","-0.32%"
"2024年2月2日","4,958.61","4,916.06","4,975.29","4,907.99","-","1.07%"
"2024年2月1日","4,906.19","4,861.11","4,906.97","4,853.52","-","1.25%"
"2024年1月31日","4,845.65","4,899.19","4,906.75","4,845.15","-","-1.61%"
"2024年1月30日","4,924.97","4,925.89","4,931.09","4,916.27","-","-0.06%"
"2024年1月29日","4,927.93","4,892.95","4,929.31","4,887.40","-","0.76%"
"2024年1月26日","4,890.97","4,888.91","4,906.69","4,881.47","-","-0.07%"
"2024年1月25日","4,894.16","4,886.66","4,898.15","4,869.34","-","0.53%"
"2024年1月24日","4,868.55","4,888.56","4,903.68","4,865.94","-","0.08%"
"2024年1月23日","4,864.60","4,856.80","4,866.48","4,844.37","-","0.29%"
"2024年1月22日","4,850.43","4,853.42","4,868.41","4,844.05","-","0.22%"
"2024年1月19日","4,839.81","4,796.28","4,842.07","4,785.87","-","1.23%"
"2024年1月18日","4,780.94","4,760.10","4,785.79","4,740.57","-","0.88%"
"2024年1月17日","4,739.21","4,739.13","4,744.23","4,714.82","-","-0.56%"
"2024年1月16日","4,765.98","4,772.35","4,782.34","4,747.12","-","-0.37%"
"2024年1月12日","4,783.83","4,791.18","4,802.40","4,768.98","-","0.08%"
"2024年1月11日","4,780.24","4,792.13","4,798.50","4,739.58","-","-0.07%"
"2024年1月10日","4,783.45","4,759.94","4,790.80","4,756.20","-","0.57%"
"2024年1月9日","4,756.50","4,741.93","4,765.47","4,730.35","-","-0.15%"
"2024年1月8日","4,763.54","4,703.70","4,764.54","4,699.82","-","1.41%"
"2024年1月5日","4,697.24","4,690.57","4,721.49","4,682.11","-","0.18%"
"2024年1月4日","4,688.68","4,697.42","4,726.78","4,687.53","-","-0.34%"
"2024年1月3日","4,704.81","4,725.07","4,729.29","4,699.71","-","-0.80%"
"2024年1月2日","4,742.83","4,745.20","4,754.33","4,722.67","-","-0.57%"
"2023年12月29日","4,769.83","4,782.88","4,788.43","4,751.99","-","-0.28%"
"2023年12月28日","4,783.35","4,786.44","4,793.30","4,780.98","-","0.04%"
"2023年12月27日","4,781.58","4,773.45","4,785.39","4,768.90","-","0.14%"
"2023年12月26日","4,774.75","4,758.86","4,784.72","4,758.45","-","0.42%"
"2023年12月22日","4,754.63","4,753.92","4,772.94","4,736.77","-","0.17%"
"2023年12月21日","4,746.75","4,724.29","4,748.71","4,708.35","-","1.03%"
"2023年12月20日","4,698.35","4,764.73","4,778.01","4,697.82","-","-1.47%"
"2023年12月19日","4,768.37","4,743.72","4,768.69","4,743.72","-","0.59%"
"2023年12月18日","4,740.56","4,725.58","4,749.52","4,725.58","-","0.45%"
"2023年12月15日","4,719.19","4,714.23","4,725.53","4,704.69","-","-0.01%"
"2023年12月14日","4,719.55","4,721.04","4,738.57","4,694.34","-","0.26%"
"2023年12月13日","4,707.09","4,646.20","4,709.69","4,643.23","-","1.37%"
"2023年12月12日","4,643.70","4,618.30","4,643.93","4,608.09","-","0.46%"
"2023年12月11日","4,622.44","4,593.39","4,623.71","4,593.39","-","0.39%"
"2023年12月8日","4,604.37","4,576.20","4,609.23","4,574.06","-","0.41%"
"2023年12月7日","4,585.59","4,568.84","4,590.92","4,565.22","-","0.80%"
"2023年12月6日","4,549.34","4,586.23","4,590.74","4,546.50","-","-0.39%"
"2023年12月5日","4,567.18","4,557.25","4,578.56","4,551.68","-","-0.06%"
"2023年12月4日","4,569.78","4,564.37","4,572.37","4,546.72","-","-0.54%"
"2023年12月1日","4,594.63","4,559.43","4,599.39","4,554.71","-","0.59%"
"2023年11月30日","4,567.80","4,554.87","4,569.89","4,537.24","-","0.38%"
"2023年11月29日","4,550.58","4,571.84","4,587.64","4,547.15","-","-0.09%"
"2023年11月28日","4,554.89","4,545.55","4,568.14","4,540.51","-","0.10%"
"2023年11月27日","4,550.43","4,554.86","4,560.52","4,546.32","-","-0.20%"
"2023年11月24日","4,559.34","4,555.84","4,560.31","4,552.80","-","0.06%"
"2023年11月22日","4,556.62","4,553.04","4,568.43","4,545.05","-","0.41%"
"2023年11月21日","4,538.19","4,538.77","4,542.14","4,525.51","-","-0.20%"
"2023年11月20日","4,547.38","4,511.70","4,557.11","4,510.36","-","0.74%"
"2023年11月17日","4,514.02","4,509.55","4,520.12","4,499.66","-","0.13%"
"2023年11月16日","4,508.24","4,497.08","4,511.99","4,487.83","-","0.12%"
"2023年11月15日","4,502.88","4,505.30","4,521.17","4,495.31","-","0.16%"
"2023年11月14日","4,495.70","4,458.97","4,508.67","4,458.97","-","1.91%"
"2023年11月13日","4,411.55","4,406.66","4,421.76","4,393.82","-","-0.08%"
"2023年11月10日","4,415.24","4,364.15","4,418.03","4,353.34","-","1.56%"
"2023年11月9日","4,347.35","4,391.41","4,393.40","4,343.94","-","-0.81%"
"2023年11月8日","4,382.78","4,384.37","4,391.20","4,359.76","-","0.10%"
"2023年11月7日","4,378.38","4,366.21","4,386.26","4,355.41","-","0.28%"
"2023年11月6日","4,365.98","4,364.27","4,372.21","4,347.53","-","0.18%"
"2023年11月3日","4,358.34","4,334.23","4,373.62","4,334.23","-","0.94%"
"2023年11月2日","4,317.78","4,268.26","4,319.72","4,268.26","-","1.89%"
"2023年11月1日","4,237.86","4,201.27","4,245.64","4,197.74","-","1.05%"
"2023年10月31日","4,193.80","4,171.33","4,195.55","4,153.12","-","0.65%"
"2023年10月30日","4,166.82","4,139.39","4,177.47","4,132.94","-","1.20%"
"2023年10月27日","4,117.37","4,152.93","4,156.70","4,103.78","-","-0.48%"
"2023年10月26日","4,137.23","4,175.99","4,183.60","4,127.90","-","-1.18%"
"2023年10月25日","4,186.77","4,232.42","4,232.42","4,181.42","-","-1.43%"
"2023年10月24日","4,247.68","4,235.79","4,259.38","4,219.43","-","0.73%"
"2023年10月23日","4,217.04","4,210.40","4,255.84","4,189.22","-","-0.17%"
"2023年10月20日","4,224.16","4,273.85","4,276.56","4,223.03","-","-1.26%"
"2023年10月19日","4,278.00","4,321.36","4,339.54","4,269.69","-","-0.85%"
"2023年10月18日","4,314.60","4,357.35","4,364.20","4,303.84","-","-1.34%"
"2023年10月17日","4,373.20","4,345.23","4,393.57","4,337.54","-","-0.01%"
"2023年10月16日","4,373.63","4,342.37","4,383.33","4,342.37","-","1.06%"
"2023年10月13日","4,327.78","4,360.49","4,377.10","4,311.97","-","-0.50%"
"2023年10月12日","4,349.61","4,380.94","4,385.85","4,325.43","-","-0.62%"
"2023年10月11日","4,376.95","4,366.59","4,378.64","4,345.34","-","0.43%"
"2023年10月10日","4,358.24","4,339.75","4,385.46","4,339.64","-","0.52%"
"2023年10月9日","4,335.66","4,289.02","4,341.73","4,283.79","-","0.63%"
"2023年10月6日","4,308.50","4,234.79","4,324.10","4,219.55","-","1.18%"
"2023年10月5日","4,258.19","4,259.31","4,267.13","4,225.91","-","-0.13%"
"2023年10月4日","4,263.75","4,233.83","4,268.50","4,220.48","-","0.81%"
"2023年10月3日","4,229.45","4,269.75","4,281.15","4,216.45","-","-1.37%"
"2023年10月2日","4,288.39","4,284.52","4,300.58","4,260.21","-","0.01%"
"2023年9月29日","4,288.05","4,328.18","4,333.15","4,274.86","-","-0.27%"
"2023年9月28日","4,299.70","4,269.65","4,317.27","4,264.38","-","0.59%"
"2023年9月27日","4,274.51","4,282.63","4,292.07","4,238.63","-","0.02%"
"2023年9月26日","4,273.53","4,312.88","4,313.01","4,265.98","-","-1.47%"
"2023年9月25日","4,337.44","4,310.62","4,338.51","4,302.70","-","0.40%"
"2023年9月22日","4,320.06","4,341.74","4,357.40","4,316.49","-","-0.23%"
"2023年9月21日","4,330.00","4,374.36","4,375.70","4,329.17","-","-1.64%"
"2023年9月20日","4,402.20","4,452.81","4,461.03","4,401.38","-","-0.94%"
"2023年9月19日","4,443.95","4,445.41","4,449.85","4,416.61","-","-0.22%"
"2023年9月18日","4,453.53","4,445.13","4,466.36","4,442.11","-","0.07%"
"2023年9月15日","4,450.32","4,497.98","4,497.98","4,447.21","-","-1.22%"
"2023年9月14日","4,505.10","4,487.78","4,511.99","4,478.69","-","0.84%"
"2023年9月13日","4,467.44","4,462.65","4,479.39","4,453.52","-","0.12%"
"2023年9月12日","4,461.90","4,473.27","4,487.11","4,456.83","-","-0.57%"
"2023年9月11日","4,487.46","4,480.98","4,490.77","4,467.89","-","0.67%"
"2023年9月8日","4,457.49","4,451.30","4,473.53","4,448.38","-","0.14%"
"2023年9月7日","4,451.14","4,434.55","4,457.81","4,430.46","-","-0.32%"
"2023年9月6日","4,465.48","4,490.35","4,490.35","4,442.38","-","-0.70%"
"2023年9月5日","4,496.83","4,510.06","4,514.29","4,496.01","-","-0.42%"
"2023年9月1日","4,515.77","4,530.60","4,541.25","4,501.35","-","0.18%"
"2023年8月31日","4,507.66","4,517.01","4,532.26","4,507.39","-","-0.16%"
"2023年8月30日","4,514.87","4,500.34","4,521.65","4,493.59","-","0.38%"
"2023年8月29日","4,497.63","4,432.75","4,500.14","4,431.68","-","1.45%"
"2023年8月28日","4,433.31","4,426.03","4,439.56","4,414.98","-","0.63%"
"2023年8月25日","4,405.71","4,389.38","4,418.46","4,356.29","-","0.67%"
"2023年8月24日","4,376.31","4,455.16","4,458.30","4,375.55","-","-1.35%"
"2023年8月23日","4,436.01","4,396.44","4,443.18","4,396.44","-","1.10%"
"2023年8月22日","4,387.55","4,415.33","4,418.59","4,382.77","-","-0.28%"
"2023年8月21日","4,399.77","4,380.28","4,407.55","4,360.30","-","0.69%"
"2023年8月18日","4,369.71","4,344.88","4,381.82","4,335.31","-","-0.01%"
"2023年8月17日","4,370.36","4,416.32","4,421.17","4,364.83","-","-0.77%"
"2023年8月16日","4,404.33","4,433.79","4,449.95","4,403.55","-","-0.76%"
"2023年8月15日","4,437.86","4,478.87","4,478.87","4,432.19","-","-1.16%"
"2023年8月14日","4,489.72","4,458.13","4,490.33","4,453.44","-","0.58%"
"2023年8月11日","4,464.05","4,450.69","4,476.23","4,443.98","-","-0.11%"
"2023年8月10日","4,468.83","4,487.16","4,527.37","4,457.92","-","0.03%"
"2023年8月9日","4,467.71","4,501.57","4,502.44","4,461.33","-","-0.70%"
"2023年8月8日","4,499.38","4,498.03","4,503.31","4,464.39","-","-0.42%"
"2023年8月7日","4,518.44","4,491.58","4,519.84","4,491.15","-","0.90%"
"2023年8月4日","4,478.03","4,513.96","4,540.34","4,474.55","-","-0.53%"
"2023年8月3日","4,501.89","4,494.27","4,519.49","4,485.54","-","-0.25%"
"2023年8月2日","4,513.39","4,550.93","4,550.93","4,505.75","-","-1.38%"
"2023年8月1日","4,576.73","4,578.83","4,584.62","4,567.53","-","-0.27%"
"2023年7月31日","4,588.96","4,584.82","4,594.22","4,573.14","-","0.15%"
"2023年7月28日","4,582.23","4,565.75","4,590.16","4,564.01","-","0.99%"
"2023年7月27日","4,537.41","4,598.26","4,607.07","4,528.56","-","-0.64%"
"2023年7月26日","4,566.75","4,558.96","4,582.47","4,547.58","-","-0.02%"
"2023年7月25日","4,567.46","4,555.19","4,580.62","4,552.42","-","0.28%"
"2023年7月24日","4,554.64","4,543.39","4,563.41","4,541.29","-","0.40%"
"2023年7月21日","4,536.34","4,550.16","4,555.00","4,535.79","-","0.03%"
"2023年7月20日","4,534.87","4,554.38","4,564.74","4,527.56","-","-0.68%"
"2023年7月19日","4,565.72","4,563.87","4,578.43","4,557.48","-","0.24%"
"2023年7月18日","4,554.98","4,521.78","4,562.30","4,514.59","-","0.71%"
"2023年7月17日","4,522.79","4,508.86","4,532.85","4,504.90","-","0.39%"
"2023年7月14日","4,505.42","4,514.61","4,527.76","4,499.56","-","-0.10%"
"2023年7月13日","4,510.04","4,491.50","4,517.38","4,489.36","-","0.85%"
"2023年7月12日","4,472.16","4,467.69","4,488.34","4,463.23","-","0.74%"
"2023年7月11日","4,439.26","4,415.55","4,443.64","4,408.46","-","0.67%"
"2023年7月10日","4,409.53","4,394.23","4,412.60","4,389.92","-","0.24%"
"2023年7月7日","4,398.95","4,404.54","4,440.39","4,397.40","-","-0.29%"
"2023年7月6日","4,411.59","4,422.62","4,422.62","4,385.05","-","-0.79%"
"2023年7月5日","4,446.82","4,442.04","4,454.06","4,436.61","-","-0.20%"
"2023年7月3日","4,455.59","4,450.48","4,456.46","4,442.29","-","0.12%"
"2023年6月30日","4,450.38","4,422.44","4,458.48","4,422.44","-","1.23%"
"2023年6月29日","4,396.44","4,374.94","4,398.39","4,371.97","-","0.45%"
"2023年6月28日","4,376.86","4,367.48","4,390.35","4,360.22","-","-0.04%"
"2023年6月27日","4,378.41","4,337.36","4,384.42","4,335.00","-","1.15%"
"2023年6月26日","4,328.82","4,344.84","4,362.06","4,328.08","-","-0.45%"
"2023年6月23日","4,348.33","4,354.17","4,366.55","4,341.34","-","-0.77%"
"2023年6月22日","4,381.89","4,355.40","4,382.25","4,351.82","-","0.37%"
"2023年6月21日","4,365.69","4,380.01","4,386.22","4,360.14","-","-0.52%"
"2023年6月20日","4,388.71","4,396.11","4,400.15","4,367.19","-","-0.47%"
"2023年6月16日","4,409.59","4,440.95","4,448.47","4,407.44","-","-0.37%"
"2023年6月15日","4,425.84","4,365.33","4,439.20","4,362.60","-","1.22%"
"2023年6月14日","4,372.59","4,366.29","4,391.82","4,337.85","-","0.08%"
"2023年6月13日","4,369.01","4,352.61","4,375.37","4,349.31","-","0.69%"
"2023年6月12日","4,338.93","4,308.32","4,340.13","4,304.37","-","0.93%"
"2023年6月9日","4,298.86","4,304.88","4,322.62","4,291.70","-","0.11%"
"2023年6月8日","4,293.93","4,268.69","4,298.01","4,261.07","-","0.62%"
"2023年6月7日","4,267.52","4,285.47","4,299.19","4,263.96","-","-0.38%"
"2023年6月6日","4,283.85","4,271.34","4,288.33","4,263.09","-","0.24%"
"2023年6月5日","4,273.79","4,282.99","4,299.28","4,266.82","-","-0.20%"
"2023年6月2日","4,282.37","4,241.01","4,290.67","4,241.01","-","1.45%"
"2023年6月1日","4,221.02","4,183.03","4,232.43","4,171.64","-","0.99%"
"2023年5月31日","4,179.83","4,190.74","4,195.44","4,166.15","-","-0.61%"
"2023年5月30日","4,205.52","4,226.71","4,231.10","4,192.18","-","0.00%"
"2023年5月26日","4,205.45","4,156.16","4,212.87","4,156.16","-","1.30%"
"2023年5月25日","4,151.28","4,155.71","4,165.74","4,129.73","-","0.88%"
"2023年5月24日","4,115.24","4,132.96","4,132.96","4,103.98","-","-0.73%"
"2023年5月23日","4,145.58","4,176.80","4,185.68","4,142.54","-","-1.12%"
"2023年5月22日","4,192.63","4,190.78","4,209.22","4,179.68","-","0.02%"
"2023年5月19日","4,191.98","4,204.15","4,212.91","4,180.20","-","-0.14%"
"2023年5月18日","4,198.05","4,157.68","4,202.20","4,153.50","-","0.94%"
"2023年5月17日","4,158.77","4,122.85","4,164.67","4,113.62","-","1.19%"
"2023年5月16日","4,109.90","4,127.95","4,135.54","4,109.86","-","-0.64%"
"2023年5月15日","4,136.28","4,126.65","4,141.25","4,110.27","-","0.30%"
"2023年5月12日","4,124.08","4,138.54","4,143.74","4,099.12","-","-0.16%"
"2023年5月11日","4,130.62","4,132.24","4,132.80","4,109.29","-","-0.17%"
"2023年5月10日","4,137.64","4,143.74","4,154.28","4,098.92","-","0.45%"
"2023年5月9日","4,119.17","4,124.25","4,130.35","4,116.65","-","-0.46%"
"2023年5月8日","4,138.12","4,136.98","4,142.30","4,123.81","-","0.05%"
"2023年5月5日","4,136.25","4,084.73","4,147.02","4,084.73","-","1.85%"
"2023年5月4日","4,061.22","4,082.55","4,082.61","4,048.28","-","-0.72%"
"2023年5月3日","4,090.75","4,122.25","4,148.30","4,088.86","-","-0.70%"
"2023年5月2日","4,119.58","4,164.10","4,164.10","4,089.72","-","-1.16%"
"2023年5月1日","4,167.87","4,166.79","4,186.92","4,164.12","-","-0.04%"
"2023年4月28日","4,169.48","4,129.63","4,170.06","4,127.18","-","0.83%"
"2023年4月27日","4,135.35","4,075.29","4,138.24","4,075.29","-","1.96%"
"2023年4月26日","4,055.99","4,087.78","4,089.67","4,049.35","-","-0.38%"
"2023年4月25日","4,071.63","4,126.43","4,126.43","4,071.38","-","-1.58%"
"2023年4月24日","4,137.04","4,132.07","4,142.41","4,117.77","-","0.09%"
"2023年4月21日","4,133.52","4,132.14","4,138.02","4,113.86","-","0.09%"
"2023年4月20日","4,129.79","4,130.48","4,148.57","4,114.57","-","-0.60%"
"2023年4月19日","4,154.52","4,139.33","4,162.57","4,134.49","-","-0.01%"
"2023年4月18日","4,154.87","4,164.26","4,169.48","4,140.36","-","0.09%"
"2023年4月17日","4,151.32","4,137.17","4,151.72","4,123.18","-","0.33%"
"2023年4月14日","4,137.64","4,140.11","4,163.19","4,113.20","-","-0.21%"
"2023年4月13日","4,146.22","4,100.04","4,150.26","4,099.40","-","1.33%"
"2023年4月12日","4,091.95","4,121.72","4,134.37","4,086.94","-","-0.41%"
"2023年4月11日","4,108.94","4,110.29","4,124.26","4,102.61","-","-0.00%"
"2023年4月10日","4,109.11","4,085.20","4,109.50","4,072.55","-","0.10%"
"2023年4月6日","4,105.02","4,081.15","4,107.32","4,069.84","-","0.36%"
"2023年4月5日","4,090.38","4,094.50","4,099.69","4,072.56","-","-0.25%"
"2023年4月4日","4,100.60","4,128.03","4,133.13","4,086.87","-","-0.58%"
"2023年4月3日","4,124.51","4,102.20","4,127.66","4,098.79","-","0.37%"
"2023年3月31日","4,109.31","4,056.18","4,110.75","4,056.18","-","1.44%"
"2023年3月30日","4,050.83","4,046.74","4,057.85","4,032.10","-","0.57%"
"2023年3月29日","4,027.81","3,999.53","4,030.59","3,999.53","-","1.42%"
"2023年3月28日","3,971.27","3,974.13","3,979.20","3,951.53","-","-0.16%"
"2023年3月27日","3,977.53","3,982.93","4,003.83","3,970.49","-","0.16%"
"2023年3月24日","3,970.99","3,939.21","3,972.74","3,909.16","-","0.56%"
"2023年3月23日","3,948.72","3,959.21","4,007.66","3,919.05","-","0.30%"
"2023年3月22日","3,936.97","4,002.04","4,039.49","3,936.17","-","-1.65%"
"2023年3月21日","4,002.87","3,975.89","4,009.08","3,971.19","-","1.30%"
"2023年3月20日","3,951.57","3,917.47","3,956.62","3,916.89","-","0.89%"
"2023年3月17日","3,916.64","3,958.69","3,958.91","3,901.27","-","-1.10%"
"2023年3月16日","3,960.28","3,878.93","3,964.46","3,864.11","-","1.76%"
"2023年3月15日","3,891.93","3,876.74","3,894.26","3,838.24","-","-0.70%"
"2023年3月14日","3,919.29","3,894.01","3,937.29","3,873.63","-","1.65%"
"2023年3月13日","3,855.76","3,835.12","3,905.05","3,808.86","-","-0.15%"
"2023年3月10日","3,861.59","3,912.77","3,934.05","3,846.32","-","-1.45%"
"2023年3月9日","3,918.32","3,998.66","4,017.81","3,908.70","-","-1.85%"
"2023年3月8日","3,992.01","3,987.55","4,000.41","3,969.76","-","0.14%"
"2023年3月7日","3,986.37","4,048.26","4,050.00","3,980.31","-","-1.53%"
"2023年3月6日","4,048.42","4,055.15","4,078.49","4,044.61","-","0.07%"
"2023年3月3日","4,045.64","3,998.02","4,048.29","3,995.17","-","1.61%"
"2023年3月2日","3,981.35","3,938.68","3,990.84","3,928.16","-","0.76%"
"2023年3月1日","3,951.39","3,963.34","3,971.73","3,939.05","-","-0.47%"
"2023年2月28日","3,970.15","3,977.19","3,997.50","3,968.98","-","-0.30%"
"2023年2月27日","3,982.24","3,992.36","4,018.05","3,973.55","-","0.31%"
"2023年2月24日","3,970.04","3,973.24","3,978.25","3,943.08","-","-1.05%"
"2023年2月23日","4,012.32","4,018.60","4,028.30","3,969.19","-","0.53%"
"2023年2月22日","3,991.05","4,001.83","4,017.37","3,976.90","-","-0.16%"
"2023年2月21日","3,997.34","4,052.35","4,052.35","3,995.19","-","-2.00%"
"2023年2月17日","4,079.09","4,077.39","4,081.51","4,047.95","-","-0.28%"
"2023年2月16日","4,090.41","4,114.75","4,136.54","4,089.49","-","-1.38%"
"2023年2月15日","4,147.60","4,119.50","4,148.11","4,103.98","-","0.28%"
"2023年2月14日","4,136.13","4,126.70","4,159.77","4,095.01","-","-0.03%"
"2023年2月13日","4,137.29","4,096.62","4,138.90","4,092.67","-","1.14%"
"2023年2月10日","4,090.46","4,068.92","4,094.36","4,060.79","-","0.22%"
"2023年2月9日","4,081.50","4,144.25","4,156.23","4,069.67","-","-0.88%"
"2023年2月8日","4,117.86","4,153.47","4,156.85","4,111.67","-","-1.11%"
"2023年2月7日","4,164.00","4,105.35","4,176.54","4,088.39","-","1.29%"
"2023年2月6日","4,111.08","4,119.57","4,124.63","4,093.38","-","-0.61%"
"2023年2月3日","4,136.48","4,136.69","4,182.36","4,123.36","-","-1.04%"
"2023年2月2日","4,179.76","4,158.68","4,195.44","4,141.88","-","1.47%"
"2023年2月1日","4,119.21","4,070.07","4,148.95","4,037.20","-","1.05%"
"2023年1月31日","4,076.60","4,020.85","4,077.16","4,020.44","-","1.46%"
"2023年1月30日","4,017.77","4,049.27","4,063.85","4,015.55","-","-1.30%"
"2023年1月27日","4,070.56","4,053.72","4,094.21","4,048.70","-","0.25%"
"2023年1月26日","4,060.43","4,036.08","4,061.57","4,013.29","-","1.10%"
"2023年1月25日","4,016.22","3,982.71","4,019.55","3,949.06","-","-0.02%"
"2023年1月24日","4,016.95","4,001.74","4,023.92","3,989.79","-","-0.07%"
"2023年1月23日","4,019.81","3,978.14","4,039.31","3,971.64","-","1.19%"
"2023年1月20日","3,972.61","3,909.04","3,972.96","3,897.86","-","1.89%"
"2023年1月19日","3,898.85","3,911.84","3,922.94","3,885.54","-","-0.76%"
"2023年1月18日","3,928.86","4,002.25","4,014.16","3,926.59","-","-1.56%"
"2023年1月17日","3,990.97","3,999.28","4,015.39","3,984.57","-","-0.20%"
"2023年1月13日","3,999.09","3,960.60","4,003.95","3,947.67","-","0.40%"
"2023年1月12日","3,983.17","3,977.57","3,997.76","3,937.56","-","0.34%"
"2023年1月11日","3,969.61","3,932.35","3,970.07","3,928.54","-","1.28%"
"2023年1月10日","3,919.25","3,888.57","3,919.83","3,877.29","-","0.70%"
"2023年1月9日","3,892.09","3,910.82","3,950.57","3,890.42","-","-0.08%"
"2023年1月6日","3,895.08","3,823.37","3,906.19","3,809.56","-","2.28%"
"2023年1月5日","3,808.10","3,839.74","3,839.74","3,802.42","-","-1.16%"
"2023年1月4日","3,852.97","3,840.36","3,873.16","3,815.77","-","0.75%"
"2023年1月3日","3,824.14","3,853.29","3,878.46","3,794.33","-","-0.40%"
"2022年12月30日","3,839.50","3,829.06","3,839.85","3,800.34","-","-0.25%"
"2022年12月29日","3,849.28","3,805.45","3,858.19","3,805.45","-","1.75%"
"2022年12月28日","3,783.22","3,829.56","3,848.32","3,780.78","-","-1.20%"
"2022年12月27日","3,829.25","3,843.34","3,846.65","3,813.22","-","-0.40%"
"2022年12月23日","3,844.82","3,815.11","3,845.80","3,797.01","-","0.59%"
"2022年12月22日","3,822.39","3,853.26","3,853.26","3,764.49","-","-1.45%"
"2022年12月21日","3,878.44","3,839.49","3,889.82","3,839.49","-","1.49%"
"2022年12月20日","3,821.62","3,810.47","3,838.24","3,795.62","-","0.10%"
"2022年12月19日","3,817.66","3,853.79","3,854.86","3,800.04","-","-0.90%"
"2022年12月16日","3,852.36","3,890.91","3,890.91","3,827.91","-","-1.11%"
"2022年12月15日","3,895.75","3,958.37","3,958.37","3,879.45","-","-2.49%"
"2022年12月14日","3,995.32","4,015.54","4,053.76","3,965.65","-","-0.61%"
"2022年12月13日","4,019.65","4,069.38","4,100.96","3,993.03","-","0.73%"
"2022年12月12日","3,990.56","3,939.29","3,990.71","3,935.30","-","1.43%"
"2022年12月9日","3,934.38","3,954.17","3,977.02","3,933.04","-","-0.73%"
"2022年12月8日","3,963.51","3,947.79","3,974.19","3,935.83","-","0.75%"
"2022年12月7日","3,933.92","3,933.28","3,957.57","3,922.68","-","-0.19%"
"2022年12月6日","3,941.26","3,996.63","4,001.51","3,918.39","-","-1.44%"
"2022年12月5日","3,998.84","4,052.02","4,052.45","3,984.49","-","-1.79%"
"2022年12月2日","4,071.70","4,040.17","4,080.48","4,026.63","-","-0.12%"
"2022年12月1日","4,076.57","4,087.14","4,100.51","4,050.87","-","-0.09%"
"2022年11月30日","4,080.11","3,957.18","4,080.11","3,938.58","-","3.09%"
"2022年11月29日","3,957.63","3,964.19","3,976.77","3,937.65","-","-0.16%"
"2022年11月28日","3,963.94","4,005.36","4,012.27","3,955.77","-","-1.54%"
"2022年11月25日","4,026.12","4,023.34","4,034.02","4,020.76","-","-0.03%"
"2022年11月23日","4,027.26","4,000.30","4,033.78","3,998.66","-","0.59%"
"2022年11月22日","4,003.58","3,965.51","4,005.88","3,956.88","-","1.36%"
"2022年11月21日","3,949.94","3,956.23","3,962.00","3,933.34","-","-0.39%"
"2022年11月18日","3,965.34","3,966.39","3,979.89","3,935.98","-","0.48%"
"2022年11月17日","3,946.56","3,919.26","3,954.33","3,906.54","-","-0.31%"
"2022年11月16日","3,958.79","3,976.82","3,983.09","3,954.34","-","-0.83%"
"2022年11月15日","3,991.73","4,006.41","4,028.84","3,953.17","-","0.87%"
"2022年11月14日","3,957.25","3,977.97","4,008.97","3,956.40","-","-0.89%"
"2022年11月11日","3,992.93","3,963.72","4,001.48","3,944.82","-","0.92%"
"2022年11月10日","3,956.37","3,859.89","3,958.33","3,859.89","-","5.54%"
"2022年11月9日","3,748.57","3,810.94","3,818.20","3,744.22","-","-2.08%"
"2022年11月8日","3,828.11","3,817.02","3,859.40","3,786.28","-","0.56%"
"2022年11月7日","3,806.80","3,780.71","3,813.95","3,764.70","-","0.96%"
"2022年11月4日","3,770.55","3,766.98","3,796.34","3,708.84","-","1.36%"
"2022年11月3日","3,719.89","3,733.25","3,750.59","3,698.15","-","-1.06%"
"2022年11月2日","3,759.69","3,852.90","3,894.44","3,758.68","-","-2.50%"
"2022年11月1日","3,856.10","3,901.79","3,911.79","3,843.80","-","-0.41%"
"2022年10月31日","3,871.98","3,881.85","3,893.73","3,863.18","-","-0.75%"
"2022年10月28日","3,901.06","3,808.26","3,905.42","3,808.26","-","2.46%"
"2022年10月27日","3,807.30","3,834.69","3,859.95","3,803.79","-","-0.61%"
"2022年10月26日","3,830.60","3,825.97","3,886.15","3,824.07","-","-0.74%"
"2022年10月25日","3,859.11","3,799.44","3,862.85","3,799.44","-","1.63%"
"2022年10月24日","3,797.34","3,762.01","3,810.74","3,741.65","-","1.19%"
"2022年10月21日","3,752.75","3,657.10","3,757.89","3,647.42","-","2.37%"
"2022年10月20日","3,665.78","3,689.05","3,736.00","3,656.44","-","-0.80%"
"2022年10月19日","3,695.16","3,703.11","3,728.58","3,666.51","-","-0.67%"
"2022年10月18日","3,719.98","3,746.26","3,762.79","3,686.53","-","1.14%"
"2022年10月17日","3,677.95","3,638.65","3,689.73","3,638.65","-","2.65%"
"2022年10月14日","3,583.07","3,690.41","3,712.00","3,579.68","-","-2.37%"
"2022年10月13日","3,669.91","3,520.37","3,685.41","3,491.58","-","2.60%"
"2022年10月12日","3,577.03","3,590.83","3,608.34","3,573.86","-","-0.33%"
"2022年10月11日","3,588.84","3,595.86","3,640.66","3,568.45","-","-0.65%"
"2022年10月10日","3,612.39","3,647.51","3,652.17","3,588.10","-","-0.75%"
"2022年10月7日","3,639.66","3,706.74","3,706.74","3,620.73","-","-2.80%"
"2022年10月6日","3,744.52","3,771.97","3,797.93","3,739.22","-","-1.02%"
"2022年10月5日","3,783.28","3,753.25","3,806.91","3,722.66","-","-0.20%"
"2022年10月4日","3,790.93","3,726.46","3,791.92","3,726.46","-","3.06%"
"2022年10月3日","3,678.43","3,609.78","3,698.35","3,604.93","-","2.59%"
"2022年9月30日","3,585.62","3,633.48","3,671.44","3,584.13","-","-1.51%"
"2022年9月29日","3,640.47","3,687.01","3,687.01","3,610.40","-","-2.11%"
"2022年9月28日","3,719.04","3,651.94","3,736.74","3,640.61","-","1.97%"
"2022年9月27日","3,647.29","3,686.44","3,717.53","3,623.29","-","-0.21%"
"2022年9月26日","3,655.04","3,682.72","3,715.67","3,644.76","-","-1.03%"
"2022年9月23日","3,693.23","3,727.14","3,727.14","3,647.47","-","-1.72%"
"2022年9月22日","3,757.99","3,782.36","3,790.90","3,749.45","-","-0.84%"
"2022年9月21日","3,789.93","3,871.40","3,907.07","3,789.49","-","-1.71%"
"2022年9月20日","3,855.93","3,875.23","3,876.01","3,827.54","-","-1.13%"
"2022年9月19日","3,899.89","3,849.91","3,900.45","3,838.50","-","0.69%"
"2022年9月16日","3,873.33","3,880.95","3,880.95","3,837.08","-","-0.72%"
"2022年9月15日","3,901.35","3,932.41","3,959.14","3,888.28","-","-1.13%"
"2022年9月14日","3,946.01","3,940.73","3,961.94","3,912.18","-","0.34%"
"2022年9月13日","3,932.69","4,037.12","4,037.12","3,921.28","-","-4.32%"
"2022年9月12日","4,110.41","4,083.67","4,119.28","4,083.67","-","1.06%"
"2022年9月9日","4,067.36","4,022.94","4,076.81","4,022.94","-","1.53%"
"2022年9月8日","4,006.18","3,959.94","4,010.50","3,944.81","-","0.66%"
"2022年9月7日","3,979.87","3,909.43","3,987.89","3,906.03","-","1.83%"
"2022年9月6日","3,908.19","3,930.89","3,942.55","3,886.75","-","-0.41%"
"2022年9月2日","3,924.26","3,994.66","4,018.43","3,906.21","-","-1.07%"
"2022年9月1日","3,966.85","3,936.73","3,970.23","3,903.65","-","0.30%"
"2022年8月31日","3,955.00","4,000.67","4,015.37","3,954.53","-","-0.78%"
"2022年8月30日","3,986.16","4,041.25","4,044.98","3,965.21","-","-1.10%"
"2022年8月29日","4,030.61","4,034.58","4,062.99","4,017.42","-","-0.67%"
"2022年8月26日","4,057.66","4,198.74","4,203.04","4,057.66","-","-3.37%"
"2022年8月25日","4,199.12","4,153.26","4,200.54","4,147.59","-","1.41%"
"2022年8月24日","4,140.77","4,126.55","4,156.56","4,119.97","-","0.29%"
"2022年8月23日","4,128.73","4,133.09","4,159.77","4,124.03","-","-0.22%"
"2022年8月22日","4,137.99","4,195.08","4,195.08","4,129.86","-","-2.14%"
"2022年8月19日","4,228.48","4,266.31","4,266.31","4,218.70","-","-1.29%"
"2022年8月18日","4,283.74","4,273.13","4,292.53","4,261.98","-","0.23%"
"2022年8月17日","4,274.04","4,280.40","4,302.18","4,253.08","-","-0.72%"
"2022年8月16日","4,305.20","4,290.46","4,325.28","4,277.77","-","0.19%"
"2022年8月15日","4,297.14","4,269.37","4,301.79","4,256.90","-","0.40%"
"2022年8月12日","4,280.15","4,225.02","4,280.47","4,219.78","-","1.73%"
"2022年8月11日","4,207.27","4,227.40","4,257.91","4,201.41","-","-0.07%"
"2022年8月10日","4,210.24","4,181.02","4,211.03","4,177.26","-","2.13%"
"2022年8月9日","4,122.47","4,133.11","4,137.30","4,112.09","-","-0.42%"
"2022年8月8日","4,140.06","4,155.93","4,186.62","4,128.97","-","-0.12%"
"2022年8月5日","4,145.19","4,115.87","4,151.58","4,107.31","-","-0.16%"
"2022年8月4日","4,151.94","4,154.85","4,161.29","4,135.42","-","-0.08%"
"2022年8月3日","4,155.17","4,107.96","4,167.66","4,107.96","-","1.56%"
"2022年8月2日","4,091.19","4,104.21","4,140.47","4,079.81","-","-0.67%"
"2022年8月1日","4,118.63","4,112.38","4,144.95","4,096.02","-","-0.28%"
"2022年7月29日","4,130.29","4,087.33","4,140.15","4,079.22","-","1.42%"
"2022年7月28日","4,072.43","4,026.13","4,078.95","3,992.97","-","1.21%"
"2022年7月27日","4,023.61","3,951.43","4,039.56","3,951.43","-","2.62%"
"2022年7月26日","3,921.05","3,953.22","3,953.22","3,910.74","-","-1.15%"
"2022年7月25日","3,966.84","3,965.72","3,975.30","3,943.46","-","0.13%"
"2022年7月22日","3,961.63","3,998.43","4,012.44","3,938.86","-","-0.93%"
"2022年7月21日","3,998.95","3,955.47","3,999.29","3,927.64","-","0.99%"
"2022年7月20日","3,959.90","3,935.32","3,974.13","3,922.03","-","0.59%"
"2022年7月19日","3,936.69","3,860.73","3,939.81","3,860.73","-","2.76%"
"2022年7月18日","3,830.85","3,883.79","3,902.44","3,818.63","-","-0.84%"
"2022年7月15日","3,863.16","3,818.00","3,863.62","3,817.18","-","1.92%"
"2022年7月14日","3,790.38","3,763.99","3,796.41","3,721.56","-","-0.30%"
"2022年7月13日","3,801.78","3,779.67","3,829.44","3,759.07","-","-0.45%"
"2022年7月12日","3,818.80","3,851.95","3,873.41","3,802.36","-","-0.92%"
"2022年7月11日","3,854.43","3,880.94","3,880.94","3,847.22","-","-1.15%"
"2022年7月8日","3,899.38","3,888.26","3,918.50","3,869.34","-","-0.08%"
"2022年7月7日","3,902.62","3,858.85","3,910.63","3,858.85","-","1.50%"
"2022年7月6日","3,845.08","3,831.98","3,870.91","3,809.37","-","0.36%"
"2022年7月5日","3,831.39","3,792.61","3,832.19","3,742.06","-","0.16%"
"2022年7月1日","3,825.33","3,781.00","3,829.82","3,752.10","-","1.06%"
"2022年6月30日","3,785.38","3,785.99","3,818.99","3,738.67","-","-0.88%"
"2022年6月29日","3,818.83","3,825.09","3,836.50","3,799.02","-","-0.07%"
"2022年6月28日","3,821.55","3,913.00","3,945.86","3,820.14","-","-2.01%"
"2022年6月27日","3,900.11","3,920.76","3,927.72","3,889.66","-","-0.30%"
"2022年6月24日","3,911.74","3,821.75","3,913.65","3,821.75","-","3.06%"
"2022年6月23日","3,795.73","3,774.71","3,802.58","3,743.52","-","0.95%"
"2022年6月22日","3,759.89","3,733.89","3,801.79","3,717.69","-","-0.13%"
"2022年6月21日","3,764.79","3,715.31","3,779.65","3,715.31","-","2.45%"
"2022年6月17日","3,674.84","3,665.90","3,707.71","3,636.87","-","0.22%"
"2022年6月16日","3,666.77","3,728.18","3,728.18","3,639.77","-","-3.25%"
"2022年6月15日","3,789.99","3,764.05","3,837.56","3,722.30","-","1.46%"
"2022年6月14日","3,735.48","3,763.52","3,778.18","3,705.68","-","-0.38%"
"2022年6月13日","3,749.63","3,838.15","3,838.15","3,734.30","-","-3.88%"
"2022年6月10日","3,900.86","3,974.39","3,974.39","3,900.16","-","-2.91%"
"2022年6月9日","4,017.82","4,101.65","4,119.10","4,017.17","-","-2.38%"
"2022年6月8日","4,115.77","4,147.12","4,160.14","4,107.20","-","-1.08%"
"2022年6月7日","4,160.68","4,096.47","4,164.86","4,080.19","-","0.95%"
"2022年6月6日","4,121.43","4,134.72","4,168.78","4,109.18","-","0.31%"
"2022年6月3日","4,108.54","4,137.57","4,142.67","4,098.67","-","-1.63%"
"2022年6月2日","4,176.82","4,095.41","4,177.51","4,074.37","-","1.84%"
"2022年6月1日","4,101.23","4,149.78","4,166.54","4,073.85","-","-0.75%"
"2022年5月31日","4,132.15","4,151.09","4,168.34","4,104.88","-","-0.63%"
"2022年5月27日","4,158.24","4,077.43","4,158.49","4,077.43","-","2.47%"
"2022年5月26日","4,057.84","3,984.60","4,075.14","3,984.60","-","1.99%"
"2022年5月25日","3,978.73","3,929.59","3,999.33","3,925.03","-","0.95%"
"2022年5月24日","3,941.48","3,942.94","3,955.68","3,875.13","-","-0.81%"
"2022年5月23日","3,973.75","3,919.42","3,981.88","3,909.04","-","1.86%"
"2022年5月20日","3,901.36","3,927.76","3,943.42","3,810.32","-","0.01%"
"2022年5月19日","3,900.79","3,899.00","3,945.96","3,876.58","-","-0.58%"
"2022年5月18日","3,923.68","4,051.98","4,051.98","3,911.91","-","-4.04%"
"2022年5月17日","4,088.85","4,052.00","4,090.72","4,033.93","-","2.02%"
"2022年5月16日","4,008.01","4,013.02","4,046.46","3,983.99","-","-0.39%"
"2022年5月13日","4,023.89","3,963.90","4,038.88","3,963.90","-","2.39%"
"2022年5月12日","3,930.08","3,903.95","3,964.80","3,858.87","-","-0.13%"
"2022年5月11日","3,935.18","3,990.08","4,049.09","3,928.82","-","-1.65%"
"2022年5月10日","4,001.05","4,035.18","4,068.82","3,958.17","-","0.25%"
"2022年5月9日","3,991.24","4,081.27","4,081.27","3,975.48","-","-3.20%"
"2022年5月6日","4,123.34","4,128.17","4,157.69","4,067.91","-","-0.57%"
"2022年5月5日","4,146.87","4,270.43","4,270.43","4,106.01","-","-3.56%"
"2022年5月4日","4,300.17","4,181.18","4,307.66","4,148.91","-","2.99%"
"2022年5月3日","4,175.48","4,159.78","4,200.10","4,147.08","-","0.48%"
"2022年5月2日","4,155.38","4,130.61","4,169.81","4,062.51","-","0.57%"
"2022年4月29日","4,131.93","4,253.75","4,269.68","4,124.28","-","-3.63%"
"2022年4月28日","4,287.50","4,222.58","4,308.45","4,188.63","-","2.47%"
"2022年4月27日","4,183.96","4,186.52","4,240.71","4,162.90","-","0.21%"
"2022年4月26日","4,175.20","4,278.14","4,278.14","4,175.04","-","-2.81%"
"2022年4月25日","4,296.12","4,255.34","4,299.02","4,200.82","-","0.57%"
"2022年4月22日","4,271.78","4,385.83","4,385.83","4,267.62","-","-2.77%"
"2022年4月21日","4,393.66","4,489.17","4,512.94","4,384.47","-","-1.48%"
"2022年4月20日","4,459.45","4,472.26","4,488.29","4,448.76","-","-0.06%"
"2022年4月19日","4,462.21","4,390.63","4,471.03","4,390.63","-","1.61%"
"2022年4月18日","4,391.69","4,385.63","4,410.31","4,370.30","-","-0.02%"
"2022年4月14日","4,392.59","4,449.12","4,460.46","4,390.77","-","-1.21%"
"2022年4月13日","4,446.59","4,394.30","4,453.92","4,392.70","-","1.12%"
"2022年4月12日","4,397.45","4,437.59","4,471.00","4,381.34","-","-0.34%"
"2022年4月11日","4,412.53","4,462.64","4,464.35","4,408.38","-","-1.69%"
"2022年4月8日","4,488.28","4,494.15","4,520.41","4,474.60","-","-0.27%"
"2022年4月7日","4,500.21","4,474.65","4,521.16","4,450.30","-","0.43%"
"2022年4月6日","4,481.15","4,494.17","4,503.94","4,450.04","-","-0.97%"
"2022年4月5日","4,525.12","4,572.45","4,593.45","4,514.17","-","-1.26%"
"2022年4月4日","4,582.64","4,547.97","4,583.50","4,539.21","-","0.81%"
"2022年4月1日","4,545.86","4,540.32","4,548.70","4,507.57","-","0.34%"
"2022年3月31日","4,530.41","4,599.02","4,603.07","4,530.41","-","-1.57%"
"2022年3月30日","4,602.45","4,624.20","4,627.77","4,581.32","-","-0.63%"
"2022年3月29日","4,631.60","4,602.86","4,637.30","4,589.66","-","1.23%"
"2022年3月28日","4,575.52","4,541.09","4,575.65","4,517.69","-","0.71%"
"2022年3月25日","4,543.06","4,522.91","4,546.03","4,501.07","-","0.51%"
"2022年3月24日","4,520.16","4,469.98","4,520.58","4,465.17","-","1.43%"
"2022年3月23日","4,456.24","4,493.10","4,501.07","4,455.81","-","-1.23%"
"2022年3月22日","4,511.61","4,469.10","4,522.00","4,469.10","-","1.13%"
"2022年3月21日","4,461.18","4,462.40","4,481.75","4,424.30","-","-0.04%"
"2022年3月18日","4,463.12","4,407.34","4,465.40","4,390.57","-","1.17%"
"2022年3月17日","4,411.67","4,345.11","4,412.67","4,335.65","-","1.23%"
"2022年3月16日","4,357.86","4,288.14","4,358.90","4,251.99","-","2.24%"
"2022年3月15日","4,262.45","4,188.82","4,271.05","4,187.90","-","2.14%"
"2022年3月14日","4,173.11","4,202.75","4,247.57","4,161.72","-","-0.74%"
"2022年3月11日","4,204.31","4,279.50","4,291.01","4,200.49","-","-1.30%"
"2022年3月10日","4,259.52","4,252.55","4,268.28","4,209.80","-","-0.43%"
"2022年3月9日","4,277.88","4,223.10","4,299.40","4,223.10","-","2.57%"
"2022年3月8日","4,170.70","4,202.66","4,276.94","4,157.87","-","-0.72%"
"2022年3月7日","4,201.09","4,327.01","4,327.01","4,199.85","-","-2.95%"
"2022年3月4日","4,328.87","4,342.12","4,342.12","4,284.98","-","-0.79%"
"2022年3月3日","4,363.49","4,401.31","4,416.78","4,345.56","-","-0.53%"
"2022年3月2日","4,386.54","4,322.56","4,401.48","4,322.56","-","1.86%"
"2022年3月1日","4,306.26","4,363.14","4,378.45","4,279.54","-","-1.55%"
"2022年2月28日","4,373.94","4,354.17","4,388.84","4,315.12","-","-0.24%"
"2022年2月25日","4,384.65","4,298.38","4,385.34","4,286.83","-","2.24%"
"2022年2月24日","4,288.70","4,155.77","4,294.73","4,114.65","-","1.50%"
"2022年2月23日","4,225.50","4,324.93","4,341.51","4,221.51","-","-1.84%"
"2022年2月22日","4,304.76","4,332.74","4,362.12","4,267.11","-","-1.01%"
"2022年2月18日","4,348.87","4,384.57","4,394.60","4,327.22","-","-0.72%"
"2022年2月17日","4,380.26","4,456.06","4,456.06","4,373.81","-","-2.12%"
"2022年2月16日","4,475.01","4,455.75","4,489.55","4,429.68","-","0.09%"
"2022年2月15日","4,471.07","4,429.28","4,472.77","4,429.28","-","1.58%"
"2022年2月14日","4,401.67","4,412.61","4,426.22","4,364.84","-","-0.38%"
"2022年2月11日","4,418.64","4,506.27","4,526.33","4,401.41","-","-1.90%"
"2022年2月10日","4,504.10","4,553.20","4,588.90","4,484.30","-","-1.81%"
"2022年2月9日","4,587.20","4,547.00","4,590.00","4,547.00","-","1.45%"
"2022年2月8日","4,521.50","4,480.00","4,531.30","4,465.40","-","0.84%"
"2022年2月7日","4,483.90","4,505.80","4,521.90","4,471.50","-","-0.37%"
"2022年2月4日","4,500.50","4,482.80","4,539.70","4,451.50","-","0.52%"
"2022年2月3日","4,477.40","4,535.40","4,542.90","4,470.40","-","-2.44%"
"2022年2月2日","4,589.40","4,566.40","4,595.30","4,544.30","-","0.94%"
"2022年2月1日","4,546.50","4,519.60","4,550.50","4,483.50","-","0.68%"
"2022年1月31日","4,515.60","4,431.80","4,516.90","4,414.00","-","1.89%"
"2022年1月28日","4,431.90","4,336.20","4,432.70","4,292.50","-","2.44%"
"2022年1月27日","4,326.50","4,380.60","4,428.70","4,309.50","-","-0.54%"
"2022年1月26日","4,349.90","4,408.40","4,453.20","4,304.80","-","-0.15%"
"2022年1月25日","4,356.40","4,366.60","4,411.00","4,287.10","-","-1.22%"
"2022年1月24日","4,410.10","4,356.30","4,417.40","4,222.60","-","0.28%"
"2022年1月21日","4,397.90","4,471.40","4,494.50","4,395.30","-","-1.89%"
"2022年1月20日","4,482.70","4,547.40","4,602.10","4,477.90","-","-1.11%"
"2022年1月19日","4,532.80","4,588.00","4,611.60","4,530.20","-","-0.97%"
"2022年1月18日","4,577.10","4,632.20","4,632.20","4,568.70","-","-1.84%"
"2022年1月14日","4,662.90","4,638.00","4,665.10","4,614.80","-","0.08%"
"2022年1月13日","4,659.00","4,733.60","4,744.10","4,650.30","-","-1.43%"
"2022年1月12日","4,726.40","4,728.60","4,748.80","4,706.70","-","0.28%"
"2022年1月11日","4,713.10","4,669.10","4,714.10","4,638.30","-","0.92%"
"2022年1月10日","4,670.30","4,655.30","4,673.00","4,582.20","-","-0.14%"
"2022年1月7日","4,677.00","4,697.70","4,707.90","4,662.70","-","-0.41%"
"2022年1月6日","4,696.10","4,693.40","4,725.00","4,671.30","-","-0.10%"
"2022年1月5日","4,700.60","4,788.00","4,797.70","4,699.40","-","-1.94%"
"2022年1月4日","4,793.50","4,804.50","4,818.60","4,774.30","-","-0.06%"
"2022年1月3日","4,796.60","4,778.10","4,796.60","4,758.20","-","0.64%"
"2021年12月31日","4,766.20","4,775.20","4,786.80","4,765.80","-","-0.26%"
"2021年12月30日","4,778.70","4,794.20","4,808.90","4,775.30","-","-0.30%"
"2021年12月29日","4,793.10","4,788.60","4,804.10","4,778.10","-","0.14%"
"2021年12月28日","4,786.40","4,795.50","4,807.00","4,780.00","-","-0.10%"
"2021年12月27日","4,791.20","4,734.00","4,791.50","4,734.00","-","1.38%"
"2021年12月23日","4,725.80","4,704.00","4,740.70","4,704.00","-","0.62%"
"2021年12月22日","4,696.60","4,650.40","4,697.70","4,645.50","-","1.02%"
"2021年12月21日","4,649.20","4,595.00","4,651.10","4,583.20","-","1.78%"
"2021年12月20日","4,568.00","4,587.90","4,587.90","4,531.10","-","-1.14%"
"2021年12月17日","4,620.60","4,652.50","4,666.70","4,600.20","-","-1.03%"
"2021年12月16日","4,668.70","4,719.10","4,732.00","4,651.90","-","-0.87%"
"2021年12月15日","4,709.90","4,636.50","4,712.60","4,611.20","-","1.64%"
"2021年12月14日","4,634.10","4,643.00","4,660.50","4,606.50","-","-0.75%"
"2021年12月13日","4,669.00","4,710.30","4,710.30","4,667.60","-","-0.91%"
"2021年12月10日","4,712.00","4,687.60","4,713.60","4,670.20","-","0.96%"
"2021年12月9日","4,667.40","4,691.00","4,695.30","4,666.00","-","-0.72%"
"2021年12月8日","4,701.20","4,690.90","4,705.10","4,674.50","-","0.31%"
"2021年12月7日","4,686.80","4,632.00","4,694.00","4,632.00","-","2.07%"
"2021年12月6日","4,591.70","4,548.40","4,612.60","4,540.50","-","1.17%"
"2021年12月3日","4,538.40","4,589.50","4,608.00","4,495.10","-","-0.85%"
"2021年12月2日","4,577.10","4,504.70","4,595.50","4,504.70","-","1.42%"
"2021年12月1日","4,513.00","4,602.80","4,652.90","4,510.30","-","-1.18%"